"player_key","games","overall","round","pick","height","weight","pre_draft_ranking","pre_draft_position_ranking","pre_draft_grade","draft_info_available","fumbles_rec","fumbles_lost","fumbles_fum","interceptions_td","interceptions_yds","interceptions_int","receiving_td","receiving_yds","receiving_rec","rushing_td","rushing_yds","rushing_car","receiving_long","rushing_long","receiving_avg","rushing_avg"
"aaron hopkins",1,NA,NA,NA,NA,NA,NA,NA,NA,0,0,0,0,0,0,0,0,0,0,0,0,0,NA,NA,NA,NA
"achilles whitby",1,NA,NA,NA,NA,NA,NA,NA,NA,0,0,0,0,0,0,0,0,6,1,0,0,0,6,NA,6,NA
"adam howanitz",1,NA,NA,NA,NA,NA,NA,NA,NA,0,0,0,0,0,0,0,0,0,0,0,0,0,NA,NA,NA,NA
"adam parks",1,NA,NA,NA,NA,NA,NA,NA,NA,0,0,0,0,0,0,0,0,7,1,0,0,0,7,NA,7,NA
"addison ostrenga",1,NA,NA,NA,NA,NA,NA,NA,NA,0,0,0,0,0,0,0,0,8,1,0,0,0,8,NA,8,NA
"ademola faleye",3,NA,NA,NA,NA,NA,NA,NA,NA,0,0,0,0,0,0,0,1,23,4,0,0,0,10,NA,5.75,NA
"adyn wilkinson",6,NA,NA,NA,NA,NA,NA,NA,NA,0,0,0,0,0,0,0,1,81,10,0,21,1,29,21,8.1,21
"ahmon green",9,NA,NA,NA,NA,NA,NA,NA,NA,0,0,0,0,0,0,0,0,166,16,0,0,0,29,NA,10.375,NA
"aidan behymer",1,NA,NA,NA,NA,NA,NA,NA,NA,0,0,0,0,0,0,0,0,5,1,0,0,0,5,NA,5,NA
"aidan quinn",11,NA,NA,NA,NA,NA,NA,NA,NA,0,0,1,1,0,0,0,1,139,12,0,28,1,38,28,11.5833333333333,28
"aidan sefa",2,NA,NA,NA,NA,NA,NA,NA,NA,0,0,0,0,0,0,0,0,16,1,0,0,0,16,NA,16,NA
"aidan steinfeldt",4,NA,NA,NA,NA,NA,NA,NA,NA,0,0,0,0,0,0,0,0,28,5,0,0,0,7,NA,5.6,NA
"aiden black",1,NA,NA,NA,NA,NA,NA,NA,NA,0,0,0,0,0,0,0,0,0,0,0,0,0,NA,NA,NA,NA
"aiden mack",1,NA,NA,NA,NA,NA,NA,NA,NA,0,0,0,0,0,0,0,0,5,1,0,0,0,5,NA,5,NA
"aj boarman",1,NA,NA,NA,NA,NA,NA,NA,NA,0,0,0,0,0,0,0,0,19,2,0,0,0,11,NA,9.5,NA
"aj ia",1,NA,NA,NA,NA,NA,NA,NA,NA,0,0,0,0,0,0,0,0,10,1,0,0,0,10,NA,10,NA
"aj szymanski",6,NA,NA,NA,NA,NA,NA,NA,NA,0,0,0,0,0,0,0,1,32,5,0,0,0,21,NA,6.4,NA
"alec pell",4,NA,NA,NA,NA,NA,NA,NA,NA,0,0,0,0,0,0,0,0,35,5,0,0,0,17,NA,7,NA
"alejandro vazquez",2,NA,NA,NA,NA,NA,NA,NA,NA,0,0,0,0,0,0,0,0,26,2,0,0,0,25,NA,13,NA
"alek marshall",9,NA,NA,NA,NA,NA,NA,NA,NA,0,0,0,0,0,0,0,2,299,19,0,0,0,54,NA,15.7368421052632,NA
"alex bauman",7,NA,NA,NA,NA,NA,NA,NA,NA,0,0,0,0,0,0,0,1,126,13,0,0,0,33,NA,9.69230769230769,NA
"alex ginnever",9,NA,NA,NA,NA,NA,NA,NA,NA,0,0,0,0,0,0,0,0,75,11,0,-1,1,15,0,6.81818181818182,-1
"alex herrera",8,NA,NA,NA,NA,NA,NA,NA,NA,0,0,0,0,0,0,0,0,222,21,0,0,0,27,NA,10.5714285714286,NA
"alex honig",9,NA,NA,NA,NA,NA,NA,NA,NA,0,0,0,0,0,0,0,3,162,13,0,26,1,40,26,12.4615384615385,26
"alex lines",2,NA,NA,NA,NA,NA,NA,NA,NA,0,0,0,0,0,0,0,0,14,4,0,0,0,7,NA,3.5,NA
"alex mcdonald",8,NA,NA,NA,NA,NA,NA,NA,NA,0,0,0,0,0,0,0,3,120,12,0,0,0,23,NA,10,NA
"alex simmons",6,NA,NA,NA,NA,NA,NA,NA,NA,0,0,0,2,0,0,0,0,55,7,0,0,0,29,NA,7.85714285714286,NA
"alex williams",11,NA,NA,NA,NA,NA,NA,NA,NA,0,0,0,0,0,0,0,8,240,23,0,-4,1,28,0,10.4347826086957,-4
"amar e pam",1,NA,NA,NA,NA,NA,NA,NA,NA,0,0,0,0,0,0,0,0,0,0,0,0,1,NA,0,NA,0
"amaree williams",8,NA,NA,NA,NA,NA,NA,NA,NA,0,0,0,0,0,0,0,1,51,2,0,0,0,35,NA,25.5,NA
"amari niblack",4,NA,NA,NA,NA,NA,NA,NA,NA,0,0,0,0,0,0,0,0,69,5,0,0,0,23,NA,13.8,NA
"amarie rogers",2,NA,NA,NA,NA,NA,NA,NA,NA,0,0,0,0,0,0,0,1,13,2,0,0,0,8,NA,6.5,NA
"amir jackson",4,NA,NA,NA,NA,NA,NA,NA,NA,0,0,0,0,0,0,0,1,29,3,0,0,0,18,NA,9.66666666666667,NA
"ammon munyer",6,NA,NA,NA,NA,NA,NA,NA,NA,0,0,0,0,0,0,0,1,60,8,0,0,0,20,NA,7.5,NA
"andreas paaske",3,NA,NA,NA,NA,NA,NA,NA,NA,0,0,0,0,0,0,0,1,27,3,0,0,0,14,NA,9,NA
"andrew civey",9,NA,NA,NA,NA,NA,NA,NA,NA,0,0,0,0,0,0,0,2,86,10,0,0,0,26,NA,8.6,NA
"andrew gustad",4,NA,NA,NA,NA,NA,NA,NA,NA,0,0,0,0,0,0,0,3,17,3,0,14,5,11,4,5.66666666666667,2.8
"andrew rappleyea",7,NA,NA,NA,NA,NA,NA,NA,NA,0,0,0,0,0,0,0,2,162,15,0,0,0,53,NA,10.8,NA
"andrew ritter",6,NA,NA,NA,NA,NA,NA,NA,NA,0,0,0,1,0,0,0,0,63,5,0,0,0,17,NA,12.6,NA
"andrew vrbancic",1,NA,NA,NA,NA,NA,NA,NA,NA,0,0,0,0,0,0,0,0,0,1,0,0,0,0,NA,0,NA
"anthony miller jr",4,NA,NA,NA,NA,NA,NA,NA,NA,0,0,0,0,0,0,0,1,60,5,0,0,0,18,NA,12,NA
"anthony rucker",4,NA,NA,NA,NA,NA,NA,NA,NA,0,0,0,1,0,0,0,0,129,10,0,0,0,56,NA,12.9,NA
"antoine bell",3,NA,NA,NA,NA,NA,NA,NA,NA,0,0,0,0,0,0,0,2,48,3,0,0,0,26,NA,16,NA
"antonio ferguson",6,NA,NA,NA,NA,NA,NA,NA,NA,0,0,0,0,0,0,0,0,115,10,0,0,0,21,NA,11.5,NA
"antonio johnson",8,NA,NA,NA,NA,NA,NA,NA,NA,0,0,0,0,0,0,0,4,168,15,0,0,0,30,NA,11.2,NA
"apollos cook",4,NA,NA,NA,NA,NA,NA,NA,NA,0,0,0,0,0,0,0,0,68,6,0,0,0,19,NA,11.3333333333333,NA
"arik gilbert",1,NA,NA,NA,NA,NA,NA,NA,NA,0,0,0,0,0,0,0,0,52,1,0,0,0,52,NA,52,NA
"ashtin traver",2,NA,NA,NA,NA,NA,NA,NA,NA,0,0,0,0,0,0,0,0,10,2,0,0,0,7,NA,5,NA
"ashton wilson",7,NA,NA,NA,NA,NA,NA,NA,NA,0,0,0,0,0,0,0,1,91,11,0,0,0,14,NA,8.27272727272727,NA
"austin bray",4,NA,NA,NA,NA,NA,NA,NA,NA,0,0,0,0,0,0,0,2,70,8,0,0,0,23,NA,8.75,NA
"austin henderson",5,NA,NA,NA,NA,NA,NA,NA,NA,0,0,0,0,0,0,0,0,73,7,0,0,0,26,NA,10.4285714285714,NA
"austin samaha",2,NA,NA,NA,NA,NA,NA,NA,NA,0,0,0,0,0,0,0,0,10,1,1,1,1,10,1,10,1
"austin smith",6,NA,NA,NA,NA,NA,NA,NA,NA,0,0,0,0,0,0,0,0,65,7,0,0,0,27,NA,9.28571428571429,NA
"avion mcbride",2,NA,NA,NA,NA,NA,NA,NA,NA,0,0,0,0,0,0,0,0,13,2,0,0,0,8,NA,6.5,NA
"banks pope",1,NA,NA,NA,NA,NA,NA,NA,NA,0,0,0,0,0,0,0,0,5,1,0,0,0,5,NA,5,NA
"bauer sharp",11,NA,NA,NA,NA,NA,NA,NA,NA,0,0,2,2,0,0,0,2,252,24,0,0,0,65,NA,10.5,NA
"bear tenney",2,NA,NA,NA,NA,NA,NA,NA,NA,0,0,0,0,0,0,0,1,40,2,0,0,0,25,NA,20,NA
"beau baker",1,NA,NA,NA,NA,NA,NA,NA,NA,0,0,0,0,0,0,0,1,12,1,0,0,0,12,NA,12,NA
"ben haulmark",2,NA,NA,NA,NA,NA,NA,NA,NA,0,0,0,0,0,0,0,0,67,3,0,0,0,27,NA,22.3333333333333,NA
"benjamin blackburn",7,NA,NA,NA,NA,NA,NA,NA,NA,0,0,0,0,0,0,0,1,109,9,0,0,0,26,NA,12.1111111111111,NA
"benjamin brahmer",11,NA,NA,NA,NA,NA,NA,NA,NA,0,0,0,0,0,0,0,6,446,37,0,-2,1,27,0,12.0540540540541,-2
"benji gosnell",7,NA,NA,NA,NA,NA,NA,NA,NA,0,0,0,0,0,0,0,0,86,12,0,0,0,18,NA,7.16666666666667,NA
"bennett christian",4,NA,NA,NA,NA,NA,NA,NA,NA,0,0,0,0,0,0,0,1,16,5,0,0,0,6,NA,3.2,NA
"benny denby",1,NA,NA,NA,NA,NA,NA,NA,NA,0,0,0,0,0,0,0,0,3,1,0,0,0,3,NA,3,NA
"blake bosma",10,NA,NA,NA,NA,NA,NA,NA,NA,0,0,0,0,0,0,0,0,197,21,0,0,0,24,NA,9.38095238095238,NA
"blake smith",5,NA,NA,NA,NA,NA,NA,NA,NA,0,0,0,0,0,0,0,0,83,9,0,0,0,11,NA,9.22222222222222,NA
"blake van buren",1,NA,NA,NA,NA,NA,NA,NA,NA,0,0,0,0,0,0,0,0,0,0,0,0,0,NA,NA,NA,NA
"blane cleaver",5,NA,NA,NA,NA,NA,NA,NA,NA,0,0,0,0,0,0,0,1,11,3,0,0,1,7,0,3.66666666666667,0
"bo burklow",1,NA,NA,NA,NA,NA,NA,NA,NA,0,0,0,0,0,0,0,0,0,0,0,0,0,NA,NA,NA,NA
"bode burns",1,NA,NA,NA,NA,NA,NA,NA,NA,0,0,1,1,0,0,0,0,23,1,0,0,0,23,NA,23,NA
"boden groen",10,NA,NA,NA,NA,NA,NA,NA,NA,0,0,0,1,0,0,0,5,450,36,0,0,0,46,NA,12.5,NA
"braden dougherty",9,NA,NA,NA,NA,NA,NA,NA,NA,0,0,0,0,0,0,0,1,225,19,0,0,0,39,NA,11.8421052631579,NA
"braden kramer",2,NA,NA,NA,NA,NA,NA,NA,NA,0,0,0,0,0,0,0,1,14,1,0,0,0,14,NA,14,NA
"brady ambrose",1,NA,NA,NA,NA,NA,NA,NA,NA,0,0,0,0,0,0,0,0,11,1,0,0,0,11,NA,11,NA
"brady clough",1,NA,NA,NA,NA,NA,NA,NA,NA,0,0,0,0,0,0,0,0,5,1,0,0,0,5,NA,5,NA
"brady hunt",10,NA,NA,NA,NA,NA,NA,NA,NA,0,0,0,0,0,0,0,0,168,21,2,3,3,20,1,8,1
"brady preston",7,NA,NA,NA,NA,NA,NA,NA,NA,0,0,0,0,0,0,0,4,92,8,0,0,0,32,NA,11.5,NA
"brady rhoads",1,NA,NA,NA,NA,NA,NA,NA,NA,0,0,0,0,0,0,0,0,0,0,0,0,0,NA,NA,NA,NA
"brady wagner",5,NA,NA,NA,NA,NA,NA,NA,NA,0,0,0,0,0,0,0,0,36,6,0,0,0,9,NA,6,NA
"braiden staten",3,NA,NA,NA,NA,NA,NA,NA,NA,0,0,0,0,0,0,0,0,26,3,0,0,0,18,NA,8.66666666666667,NA
"brandon frazier",6,NA,NA,NA,NA,NA,NA,NA,NA,0,0,0,0,0,0,0,0,97,13,0,0,0,19,NA,7.46153846153846,NA
"brandon lanier",9,NA,NA,NA,NA,NA,NA,NA,NA,0,0,0,0,0,0,0,3,169,13,0,0,0,49,NA,13,NA
"brandon london",3,NA,NA,NA,NA,NA,NA,NA,NA,0,0,0,0,0,0,0,2,52,3,0,0,0,50,NA,17.3333333333333,NA
"brandon young jr",2,NA,NA,NA,NA,NA,NA,NA,NA,0,0,0,0,0,0,0,1,10,2,0,0,0,8,NA,5,NA
"brant monistere",2,NA,NA,NA,NA,NA,NA,NA,NA,0,0,0,0,0,0,0,0,0,0,0,0,0,NA,NA,NA,NA
"brayden blackmon",9,NA,NA,NA,NA,NA,NA,NA,NA,0,0,0,0,0,0,0,2,213,27,0,0,0,22,NA,7.88888888888889,NA
"brayden bockler",1,NA,NA,NA,NA,NA,NA,NA,NA,0,0,0,0,0,0,0,0,5,1,0,0,0,5,NA,5,NA
"brayden delahoyde",4,NA,NA,NA,NA,NA,NA,NA,NA,0,0,1,1,0,0,0,2,29,2,0,0,0,25,NA,14.5,NA
"brayden johnson",1,NA,NA,NA,NA,NA,NA,NA,NA,0,0,0,0,0,0,0,0,0,0,0,0,0,NA,NA,NA,NA
"brayden loftin",5,NA,NA,NA,NA,NA,NA,NA,NA,0,0,0,0,0,0,0,0,55,6,0,0,0,18,NA,9.16666666666667,NA
"brayden welch",2,NA,NA,NA,NA,NA,NA,NA,NA,0,0,0,0,0,0,0,1,43,2,0,0,0,25,NA,21.5,NA
"brec long",5,NA,NA,NA,NA,NA,NA,NA,NA,0,0,0,0,0,0,0,0,20,4,0,0,0,8,NA,5,NA
"brendan doyle",2,NA,NA,NA,NA,NA,NA,NA,NA,0,0,0,0,0,0,0,0,3,1,0,0,0,3,NA,3,NA
"brennan parachek",1,NA,NA,NA,NA,NA,NA,NA,NA,0,0,0,0,0,0,0,0,0,0,0,0,0,NA,NA,NA,NA
"brennan wooten",1,NA,NA,NA,NA,NA,NA,NA,NA,0,0,0,0,0,0,0,0,0,0,0,0,0,NA,NA,NA,NA
"brett norfleet",11,NA,NA,NA,NA,NA,NA,NA,NA,0,0,0,0,0,0,0,5,254,31,0,0,0,27,NA,8.19354838709677,NA
"brett seither",7,NA,NA,NA,NA,NA,NA,NA,NA,0,0,0,0,0,0,0,0,212,11,0,0,0,30,NA,19.2727272727273,NA
"brian courtney",12,NA,NA,NA,NA,NA,NA,NA,NA,0,0,0,0,0,0,0,5,376,28,1,35,7,45,15,13.4285714285714,5
"brian henry",10,NA,NA,NA,NA,NA,NA,NA,NA,0,0,1,1,0,0,0,4,299,25,0,0,0,42,NA,11.96,NA
"brian shane",6,NA,NA,NA,NA,NA,NA,NA,NA,0,0,0,0,0,0,0,2,112,11,0,0,0,20,NA,10.1818181818182,NA
"briggs hughston",4,NA,NA,NA,NA,NA,NA,NA,NA,0,0,0,0,0,0,0,2,75,7,0,0,0,23,NA,10.7142857142857,NA
"broc lane",7,NA,NA,NA,NA,NA,NA,NA,NA,0,0,0,0,0,0,0,2,218,19,0,0,0,52,NA,11.4736842105263,NA
"brock chappell",7,NA,NA,NA,NA,NA,NA,NA,NA,0,0,0,0,0,0,0,1,108,12,0,0,0,35,NA,9,NA
"brock lium",2,NA,NA,NA,NA,NA,NA,NA,NA,0,0,0,0,0,0,0,0,10,2,0,0,0,8,NA,5,NA
"brock schott",1,NA,NA,NA,NA,NA,NA,NA,NA,0,0,0,0,0,0,0,0,24,2,0,0,0,14,NA,12,NA
"brody dalton",1,NA,NA,NA,NA,NA,NA,NA,NA,0,0,0,0,0,0,0,0,22,3,0,0,0,10,NA,7.33333333333333,NA
"brody eaton",1,NA,NA,NA,NA,NA,NA,NA,NA,0,0,0,0,0,0,0,0,5,1,0,0,0,5,NA,5,NA
"brody foley",11,NA,NA,NA,NA,NA,NA,NA,NA,0,0,0,0,0,0,0,7,521,36,2,12,5,72,5,14.4722222222222,2.4
"brody judd",2,NA,NA,NA,NA,NA,NA,NA,NA,0,0,0,0,0,0,0,0,43,2,0,0,0,27,NA,21.5,NA
"brody perkins",1,NA,NA,NA,NA,NA,NA,NA,NA,0,0,0,0,0,0,0,0,3,1,0,0,0,3,NA,3,NA
"brooks johnson",6,NA,NA,NA,NA,NA,NA,NA,NA,0,0,0,0,0,0,0,1,87,11,0,0,0,22,NA,7.90909090909091,NA
"brooks kleinpeter",7,NA,NA,NA,NA,NA,NA,NA,NA,0,0,0,1,0,0,0,1,70,7,0,0,0,26,NA,10,NA
"brown norton",1,NA,NA,NA,NA,NA,NA,NA,NA,0,0,0,0,0,0,0,0,3,1,0,0,0,3,NA,3,NA
"bruin fleischmann",11,NA,NA,NA,NA,NA,NA,NA,NA,0,0,0,0,0,0,0,6,370,21,0,0,0,68,NA,17.6190476190476,NA
"bryce anderson",6,NA,NA,NA,NA,NA,NA,NA,NA,0,0,0,0,0,0,0,0,86,11,0,0,0,13,NA,7.81818181818182,NA
"bryce butler",5,NA,NA,NA,NA,NA,NA,NA,NA,0,0,0,0,0,0,0,0,78,8,0,0,0,19,NA,9.75,NA
"bryce caufield",8,NA,NA,NA,NA,NA,NA,NA,NA,0,0,1,2,0,0,0,1,219,29,0,0,0,30,NA,7.55172413793103,NA
"bryce cowgill",4,NA,NA,NA,NA,NA,NA,NA,NA,0,0,0,0,0,0,0,0,17,3,0,0,0,11,NA,5.66666666666667,NA
"brycen coleman",6,NA,NA,NA,NA,NA,NA,NA,NA,0,0,0,0,0,0,0,1,67,3,0,8,1,54,8,22.3333333333333,8
"bryson dickerson",9,NA,NA,NA,NA,NA,NA,NA,NA,0,0,0,0,0,0,0,1,207,19,0,4,1,41,4,10.8947368421053,4
"burke carroll",4,NA,NA,NA,NA,NA,NA,NA,NA,0,0,0,0,0,0,0,0,43,4,0,0,0,27,NA,10.75,NA
"cade callahan",10,NA,NA,NA,NA,NA,NA,NA,NA,0,0,0,0,0,0,0,3,279,19,0,9,1,50,9,14.6842105263158,9
"cade collier",11,NA,NA,NA,NA,NA,NA,NA,NA,0,1,1,1,0,0,0,2,173,16,0,0,0,33,NA,10.8125,NA
"cade conley",6,NA,NA,NA,NA,NA,NA,NA,NA,0,0,1,1,0,0,0,1,55,8,0,0,0,15,NA,6.875,NA
"cade cox",9,NA,NA,NA,NA,NA,NA,NA,NA,0,0,0,0,0,0,0,0,62,10,0,0,0,21,NA,6.2,NA
"cade keith",9,NA,NA,NA,NA,NA,NA,NA,NA,0,0,0,0,0,0,0,3,253,20,0,0,0,45,NA,12.65,NA
"caden allard",2,NA,NA,NA,NA,NA,NA,NA,NA,0,0,0,0,0,0,0,0,6,1,0,0,0,6,NA,6,NA
"caden frey",2,NA,NA,NA,NA,NA,NA,NA,NA,0,0,0,0,0,0,0,0,22,3,0,0,0,8,NA,7.33333333333333,NA
"caden jensen",9,NA,NA,NA,NA,NA,NA,NA,NA,0,0,0,0,0,0,0,1,159,25,0,0,0,27,NA,6.36,NA
"caden rose",1,NA,NA,NA,NA,NA,NA,NA,NA,0,0,0,0,0,0,0,0,5,1,0,0,0,5,NA,5,NA
"cael vanderbush",2,NA,NA,NA,NA,NA,NA,NA,NA,0,0,0,0,0,0,0,0,1,1,0,0,0,1,NA,1,NA
"caeleb schlachter",3,NA,NA,NA,NA,NA,NA,NA,NA,0,0,0,0,0,0,0,0,34,6,0,0,0,13,NA,5.66666666666667,NA
"caleb ryan",6,NA,NA,NA,NA,NA,NA,NA,NA,0,0,0,0,0,0,0,0,87,4,0,0,0,56,NA,21.75,NA
"camden etheredge",1,NA,NA,NA,NA,NA,NA,NA,NA,0,0,0,0,0,0,0,0,14,1,0,0,0,14,NA,14,NA
"camden lewis",5,NA,NA,NA,NA,NA,NA,NA,NA,0,0,0,0,0,0,0,1,46,8,0,0,0,12,NA,5.75,NA
"camden overton",5,NA,NA,NA,NA,NA,NA,NA,NA,0,0,0,0,0,0,0,2,132,15,0,0,0,20,NA,8.8,NA
"cameron ball",2,NA,NA,NA,NA,NA,NA,NA,NA,0,0,0,0,0,0,0,0,12,2,0,0,0,9,NA,6,NA
"cameron barmore",6,NA,NA,NA,NA,NA,NA,NA,NA,0,0,0,0,0,0,0,1,128,14,0,0,0,19,NA,9.14285714285714,NA
"cameron harpole",5,NA,NA,NA,NA,NA,NA,NA,NA,0,0,0,0,0,0,0,1,77,10,0,0,0,21,NA,7.7,NA
"cameron heald",10,NA,NA,NA,NA,NA,NA,NA,NA,0,0,0,0,0,0,0,1,148,23,0,0,0,22,NA,6.43478260869565,NA
"carsen ryan",11,NA,NA,NA,NA,NA,NA,NA,NA,0,0,0,0,0,0,0,3,472,35,0,0,0,43,NA,13.4857142857143,NA
"carson bruhn",3,NA,NA,NA,NA,NA,NA,NA,NA,0,0,0,0,0,0,0,0,55,5,0,0,0,16,NA,11,NA
"carson jacoby",1,NA,NA,NA,NA,NA,NA,NA,NA,0,0,0,0,0,0,0,0,6,1,0,0,0,6,NA,6,NA
"carson kent",3,NA,NA,NA,NA,NA,NA,NA,NA,0,0,0,0,0,0,0,0,26,3,0,0,0,13,NA,8.66666666666667,NA
"carson kolb",5,NA,NA,NA,NA,NA,NA,NA,NA,0,0,0,0,0,0,0,0,0,0,0,0,0,NA,NA,NA,NA
"carson labensky",4,NA,NA,NA,NA,NA,NA,NA,NA,0,0,0,0,0,0,0,0,43,5,0,0,0,11,NA,8.6,NA
"carson tabaracci",1,NA,NA,NA,NA,NA,NA,NA,NA,0,0,0,0,0,0,0,1,9,1,0,0,0,9,NA,9,NA
"carson williams",5,NA,NA,NA,NA,NA,NA,NA,NA,0,0,0,0,0,0,0,0,74,7,0,0,0,15,NA,10.5714285714286,NA
"carter moses",9,NA,NA,NA,NA,NA,NA,NA,NA,0,0,0,0,0,0,0,2,321,26,0,0,0,33,NA,12.3461538461538,NA
"carter nelson",3,NA,NA,NA,NA,NA,NA,NA,NA,0,0,0,0,0,0,0,0,11,2,0,0,0,8,NA,5.5,NA
"carter neuman",5,NA,NA,NA,NA,NA,NA,NA,NA,0,0,0,0,0,0,0,0,48,5,0,0,0,17,NA,9.6,NA
"casey o sullivan",2,NA,NA,NA,NA,NA,NA,NA,NA,0,0,0,0,0,0,0,0,17,4,0,0,0,7,NA,4.25,NA
"cc ezirim",2,NA,NA,NA,NA,NA,NA,NA,NA,0,0,0,0,0,0,0,1,8,2,0,0,0,6,NA,4,NA
"chamon metayer",10,NA,NA,NA,NA,NA,NA,NA,NA,0,0,0,1,0,0,0,4,375,38,0,1,1,27,1,9.86842105263158,1
"chance bogan",6,NA,NA,NA,NA,NA,NA,NA,NA,0,0,0,0,0,0,0,0,107,13,0,0,0,18,NA,8.23076923076923,NA
"charles bernard",1,NA,NA,NA,NA,NA,NA,NA,NA,0,0,0,0,0,0,0,0,0,0,0,0,0,NA,NA,NA,NA
"charles garrison",10,NA,NA,NA,NA,NA,NA,NA,NA,0,0,0,0,0,0,0,2,329,27,0,0,0,36,NA,12.1851851851852,NA
"charles george",1,NA,NA,NA,NA,NA,NA,NA,NA,0,1,0,0,0,0,0,0,0,0,0,0,0,NA,NA,NA,NA
"charles kaludis",1,NA,NA,NA,NA,NA,NA,NA,NA,0,0,0,0,0,0,0,0,2,1,0,0,0,2,NA,2,NA
"charles robinson",1,NA,NA,NA,NA,NA,NA,NA,NA,0,0,0,0,0,0,0,0,0,0,0,0,0,NA,NA,NA,NA
"charlie browder",9,NA,NA,NA,NA,NA,NA,NA,NA,0,0,0,0,0,0,0,2,254,17,0,0,0,28,NA,14.9411764705882,NA
"charlie kreinbucher",7,NA,NA,NA,NA,NA,NA,NA,NA,0,0,0,0,0,0,0,1,59,6,0,0,0,19,NA,9.83333333333333,NA
"charlie white",4,NA,NA,NA,NA,NA,NA,NA,NA,0,0,0,0,0,0,0,1,52,6,0,0,0,15,NA,8.66666666666667,NA
"chase curtis",7,NA,NA,NA,NA,NA,NA,NA,NA,0,1,0,0,0,0,0,2,159,12,0,3,1,27,3,13.25,3
"chase loftin",1,NA,NA,NA,NA,NA,NA,NA,NA,0,0,0,0,0,0,0,0,6,1,0,0,0,6,NA,6,NA
"chase simmons",3,NA,NA,NA,NA,NA,NA,NA,NA,0,0,0,0,0,0,0,0,0,0,0,0,0,NA,NA,NA,NA
"chauncey sneed",4,NA,NA,NA,NA,NA,NA,NA,NA,0,0,0,0,0,0,0,0,39,5,0,-7,1,20,0,7.8,-7
"chaz middleton",9,NA,NA,NA,NA,NA,NA,NA,NA,0,0,0,0,0,0,0,5,370,22,0,0,0,44,NA,16.8181818181818,NA
"chico holt",3,NA,NA,NA,NA,NA,NA,NA,NA,0,0,0,0,0,0,0,0,36,1,0,0,0,36,NA,36,NA
"chidubem lebechi",1,NA,NA,NA,NA,NA,NA,NA,NA,0,0,0,0,0,0,0,1,6,1,0,0,0,6,NA,6,NA
"chris corbo",10,NA,NA,NA,NA,NA,NA,NA,NA,0,0,0,0,0,0,0,4,516,45,0,0,0,35,NA,11.4666666666667,NA
"chris vickerson",2,NA,NA,NA,NA,NA,NA,NA,NA,0,0,0,0,0,0,0,1,42,2,0,0,0,34,NA,21,NA
"christian abney",1,NA,NA,NA,NA,NA,NA,NA,NA,0,0,0,0,0,0,0,0,12,1,0,0,0,12,NA,12,NA
"christian bentancur",8,NA,NA,NA,NA,NA,NA,NA,NA,0,0,0,0,0,0,0,3,186,18,0,0,0,45,NA,10.3333333333333,NA
"christian berry",6,NA,NA,NA,NA,NA,NA,NA,NA,0,0,0,0,0,0,0,0,93,6,0,0,0,21,NA,15.5,NA
"christian burkhalter",1,NA,NA,NA,NA,NA,NA,NA,NA,0,0,0,0,0,0,0,0,7,1,0,0,0,7,NA,7,NA
"christian earls",1,NA,NA,NA,NA,NA,NA,NA,NA,0,0,0,0,0,0,0,0,7,1,0,0,0,7,NA,7,NA
"christian greenlaw",5,NA,NA,NA,NA,NA,NA,NA,NA,0,0,0,0,0,0,0,0,36,7,0,0,0,9,NA,5.14285714285714,NA
"christian jones",2,NA,NA,NA,NA,NA,NA,NA,NA,0,0,0,0,0,0,0,0,8,2,0,0,0,5,NA,4,NA
"christian moore",5,NA,NA,NA,NA,NA,NA,NA,NA,0,0,0,0,0,0,0,0,8,2,0,-2,1,6,0,4,-2
"christian pedersen",8,NA,NA,NA,NA,NA,NA,NA,NA,0,0,0,0,0,0,0,0,91,11,0,0,0,17,NA,8.27272727272727,NA
"christian ross",9,NA,NA,NA,NA,NA,NA,NA,NA,0,0,0,0,0,0,0,1,174,17,0,0,0,37,NA,10.2352941176471,NA
"christopher harris",4,NA,NA,NA,NA,NA,NA,NA,NA,0,0,0,0,0,0,0,0,23,3,0,0,0,15,NA,7.66666666666667,NA
"chuck volans",1,NA,NA,NA,NA,NA,NA,NA,NA,0,0,0,0,0,0,0,0,-1,1,0,0,0,0,NA,-1,NA
"cj schaeffer",4,NA,NA,NA,NA,NA,NA,NA,NA,0,0,0,0,0,0,0,2,92,6,0,0,0,64,NA,15.3333333333333,NA
"cody hardy",3,NA,NA,NA,NA,NA,NA,NA,NA,0,0,0,0,0,0,0,2,70,4,1,0,0,37,0,17.5,NA
"cody howard",3,NA,NA,NA,NA,NA,NA,NA,NA,0,0,0,0,0,0,0,1,128,4,0,0,0,65,NA,32,NA
"cody ruff",4,NA,NA,NA,NA,NA,NA,NA,NA,0,0,0,0,0,0,0,2,80,7,0,0,0,24,NA,11.4285714285714,NA
"colby ramshaw",2,NA,NA,NA,NA,NA,NA,NA,NA,0,0,0,0,0,0,0,0,37,3,0,0,0,14,NA,12.3333333333333,NA
"cole bunicci",11,NA,NA,NA,NA,NA,NA,NA,NA,0,0,0,0,0,0,0,1,315,27,0,0,0,48,NA,11.6666666666667,NA
"cole clarke",10,NA,NA,NA,NA,NA,NA,NA,NA,0,0,0,0,0,0,0,2,181,22,0,0,0,17,NA,8.22727272727273,NA
"cole harrison",1,NA,NA,NA,NA,NA,NA,NA,NA,0,0,0,1,0,0,0,0,17,1,0,0,0,17,NA,17,NA
"cole keller",9,NA,NA,NA,NA,NA,NA,NA,NA,0,0,0,0,0,0,1,2,226,22,0,0,0,24,NA,10.2727272727273,NA
"cole rusk",8,NA,NA,NA,NA,NA,NA,NA,NA,0,0,0,0,0,0,0,1,217,19,0,0,0,27,NA,11.4210526315789,NA
"cole schnieder",6,NA,NA,NA,NA,NA,NA,NA,NA,0,0,0,0,0,0,0,0,64,8,0,0,0,25,NA,8,NA
"cole spence",6,NA,NA,NA,NA,NA,NA,NA,NA,0,0,0,0,0,0,0,2,202,13,0,0,0,33,NA,15.5384615384615,NA
"coleman kuntz",3,NA,NA,NA,NA,NA,NA,NA,NA,0,0,0,0,0,0,0,1,77,6,0,1,1,27,1,12.8333333333333,1
"colin hayes",7,NA,NA,NA,NA,NA,NA,NA,NA,0,0,1,1,0,0,0,2,128,11,0,0,0,25,NA,11.6363636363636,NA
"colin melendez",7,NA,NA,NA,NA,NA,NA,NA,NA,0,0,0,0,0,0,0,0,55,10,0,0,0,27,NA,5.5,NA
"colin weber",9,NA,NA,NA,NA,NA,NA,NA,NA,0,0,0,1,0,0,0,0,102,17,0,0,0,12,NA,6,NA
"collin carroll",2,NA,NA,NA,NA,NA,NA,NA,NA,0,0,0,0,0,0,0,0,5,1,0,0,0,5,NA,5,NA
"colt sechrest",1,NA,NA,NA,NA,NA,NA,NA,NA,0,0,0,0,0,0,0,0,5,1,0,0,0,5,NA,5,NA
"connor adair",3,NA,NA,NA,NA,NA,NA,NA,NA,0,0,0,0,0,0,0,0,6,2,0,34,2,5,34,3,17
"connor bonesio",1,NA,NA,NA,NA,NA,NA,NA,NA,0,0,0,0,0,0,0,0,6,1,0,0,0,6,NA,6,NA
"connor cox",3,NA,NA,NA,NA,NA,NA,NA,NA,0,0,0,0,0,0,0,0,21,5,0,0,0,9,NA,4.2,NA
"connor cravaack",9,NA,NA,NA,NA,NA,NA,NA,NA,0,0,0,0,0,0,0,2,147,18,0,0,0,27,NA,8.16666666666667,NA
"connor finer",12,NA,NA,NA,NA,NA,NA,NA,NA,0,0,0,0,0,0,0,4,466,41,0,4,1,35,4,11.3658536585366,4
"connor hulstein",12,NA,NA,NA,NA,NA,NA,NA,NA,0,0,1,2,0,0,0,7,599,42,0,0,0,78,NA,14.2619047619048,NA
"connor jones",2,NA,NA,NA,NA,NA,NA,NA,NA,0,0,0,0,0,0,0,1,8,2,0,0,0,5,NA,4,NA
"connor ruth",5,NA,NA,NA,NA,NA,NA,NA,NA,0,0,0,0,0,0,0,2,60,8,0,0,0,17,NA,7.5,NA
"connor witthoft",6,NA,NA,NA,NA,NA,NA,NA,NA,0,0,0,0,0,0,0,0,66,9,0,0,0,16,NA,7.33333333333333,NA
"conor o neil",4,NA,NA,NA,NA,NA,NA,NA,NA,0,0,0,0,0,0,0,1,48,6,0,0,0,22,NA,8,NA
"cooper alexander",4,NA,NA,NA,NA,NA,NA,NA,NA,0,0,0,0,0,0,0,0,47,5,0,0,0,18,NA,9.4,NA
"cooper eldridge",1,NA,NA,NA,NA,NA,NA,NA,NA,0,0,0,0,0,0,0,0,11,1,0,0,0,11,NA,11,NA
"cooper haswell",1,NA,NA,NA,NA,NA,NA,NA,NA,0,0,0,0,0,0,0,0,32,2,0,0,0,20,NA,16,NA
"covadis knighten",11,NA,NA,NA,NA,NA,NA,NA,NA,0,0,1,1,0,0,0,3,235,24,0,0,0,59,NA,9.79166666666667,NA
"d andre rogers",11,NA,NA,NA,NA,NA,NA,NA,NA,0,0,0,0,0,0,0,2,300,32,0,0,0,39,NA,9.375,NA
"d c temple",7,NA,NA,NA,NA,NA,NA,NA,NA,0,0,0,0,0,0,0,2,131,15,0,1,1,19,1,8.73333333333333,1
"dae quan wright",11,NA,NA,NA,NA,NA,NA,NA,NA,0,0,0,1,0,0,0,4,489,30,0,2,1,64,2,16.3,2
"dahlyn jones",6,NA,NA,NA,NA,NA,NA,NA,NA,0,0,0,0,0,0,0,0,25,8,0,0,0,6,NA,3.125,NA
"dakota taylor",1,NA,NA,NA,NA,NA,NA,NA,NA,0,0,0,0,0,0,0,0,6,1,0,0,0,6,NA,6,NA
"dakota twitty",5,NA,NA,NA,NA,NA,NA,NA,NA,0,0,0,0,0,0,0,0,129,11,0,0,0,26,NA,11.7272727272727,NA
"dallan coleman",1,NA,NA,NA,NA,NA,NA,NA,NA,0,0,0,0,0,0,0,0,0,0,0,0,0,NA,NA,NA,NA
"dallas holmes",4,NA,NA,NA,NA,NA,NA,NA,NA,0,0,0,0,0,0,0,0,65,8,0,0,0,20,NA,8.125,NA
"dallas payne",10,NA,NA,NA,NA,NA,NA,NA,NA,0,0,0,0,0,0,0,3,266,25,0,0,0,42,NA,10.64,NA
"dallen bentley",12,NA,NA,NA,NA,NA,NA,NA,NA,0,0,0,1,0,0,0,5,514,42,0,0,0,44,NA,12.2380952380952,NA
"damar jackson",2,NA,NA,NA,NA,NA,NA,NA,NA,0,0,0,0,0,0,0,0,44,3,0,0,0,25,NA,14.6666666666667,NA
"damon short",1,NA,NA,NA,NA,NA,NA,NA,NA,0,0,0,0,0,0,0,0,6,1,0,0,0,6,NA,6,NA
"dan dishman",6,NA,NA,NA,NA,NA,NA,NA,NA,0,0,0,0,0,0,0,1,100,10,0,0,0,26,NA,10,NA
"dan villari",11,NA,NA,NA,NA,NA,NA,NA,NA,0,0,0,0,0,0,0,0,412,39,1,55,17,35,10,10.5641025641026,3.23529411764706
"daniel evert",1,NA,NA,NA,NA,NA,NA,NA,NA,0,0,0,0,0,0,0,0,15,2,0,0,0,10,NA,7.5,NA
"daniel tarabrella",6,NA,NA,NA,NA,NA,NA,NA,NA,0,0,0,0,0,0,0,2,52,8,0,1,1,13,1,6.5,1
"danny joiner",2,NA,NA,NA,NA,NA,NA,NA,NA,0,0,0,0,0,0,0,1,11,2,0,0,0,7,NA,5.5,NA
"danny lewis jr",1,NA,NA,NA,NA,NA,NA,NA,NA,0,0,0,0,0,0,0,0,17,2,0,0,0,11,NA,8.5,NA
"dante daniels",4,NA,NA,NA,NA,NA,NA,NA,NA,0,0,0,0,0,0,0,1,52,6,0,0,0,15,NA,8.66666666666667,NA
"darren bennett",1,NA,NA,NA,NA,NA,NA,NA,NA,0,0,0,0,0,0,0,0,7,2,0,0,0,4,NA,3.5,NA
"darrin fugitt",8,NA,NA,NA,NA,NA,NA,NA,NA,0,0,0,0,0,0,0,2,341,32,0,-2,1,37,0,10.65625,-2
"dasaahn brame",3,NA,NA,NA,NA,NA,NA,NA,NA,0,0,0,0,0,0,0,0,63,6,0,0,0,19,NA,10.5,NA
"daunte bacheyie",5,NA,NA,NA,NA,NA,NA,NA,NA,0,0,0,0,0,0,0,0,42,5,0,0,0,15,NA,8.4,NA
"dave thomson",3,NA,NA,NA,NA,NA,NA,NA,NA,0,0,0,0,0,0,0,0,41,3,0,0,0,18,NA,13.6666666666667,NA
"david alpers",2,NA,NA,NA,NA,NA,NA,NA,NA,0,0,0,0,0,0,0,0,6,1,0,0,0,6,NA,6,NA
"david clement",4,NA,NA,NA,NA,NA,NA,NA,NA,0,0,0,0,0,0,0,0,30,3,0,0,0,18,NA,10,NA
"david hulbert",5,NA,NA,NA,NA,NA,NA,NA,NA,0,0,0,0,0,0,0,1,30,7,0,0,0,9,NA,4.28571428571429,NA
"david larkins",9,NA,NA,NA,NA,NA,NA,NA,NA,0,0,0,0,0,0,0,2,204,22,0,0,0,40,NA,9.27272727272727,NA
"david prince",1,NA,NA,NA,NA,NA,NA,NA,NA,0,0,0,0,0,0,0,0,0,1,0,0,0,0,NA,0,NA
"davin stoffel",1,NA,NA,NA,NA,NA,NA,NA,NA,0,0,0,0,0,0,0,0,24,1,0,0,0,24,NA,24,NA
"davis ledoyen",3,NA,NA,NA,NA,NA,NA,NA,NA,0,0,0,0,0,0,0,0,17,1,0,31,2,17,23,17,15.5
"davon mitchell",1,NA,NA,NA,NA,NA,NA,NA,NA,0,0,0,0,0,0,0,0,8,1,0,0,0,8,NA,8,NA
"dawson adams grenier",6,NA,NA,NA,NA,NA,NA,NA,NA,0,0,0,0,0,0,0,1,55,5,0,0,0,18,NA,11,NA
"dawson hearne",5,NA,NA,NA,NA,NA,NA,NA,NA,0,0,0,0,0,0,0,6,101,10,0,0,0,26,NA,10.1,NA
"dawson johnson",7,NA,NA,NA,NA,NA,NA,NA,NA,0,0,0,0,0,0,0,1,99,10,0,0,0,17,NA,9.9,NA
"deakon tonielli",4,NA,NA,NA,NA,NA,NA,NA,NA,0,0,0,0,0,0,0,0,52,6,0,0,0,28,NA,8.66666666666667,NA
"decker degraaf",10,NA,NA,NA,NA,NA,NA,NA,NA,0,1,0,0,0,0,0,2,353,31,0,0,0,30,NA,11.3870967741935,NA
"declan mckevitt",5,NA,NA,NA,NA,NA,NA,NA,NA,0,0,0,0,0,0,0,0,56,8,0,0,0,15,NA,7,NA
"dedrick borden",3,NA,NA,NA,NA,NA,NA,NA,NA,0,0,0,0,0,0,0,0,0,0,0,0,0,NA,NA,NA,NA
"denin limouris",1,NA,NA,NA,NA,NA,NA,NA,NA,0,0,0,0,0,0,0,1,4,1,0,0,0,4,NA,4,NA
"derek anderson",9,NA,NA,NA,NA,NA,NA,NA,NA,0,0,0,0,0,0,0,2,184,20,0,0,0,24,NA,9.2,NA
"derek varley",4,NA,NA,NA,NA,NA,NA,NA,NA,0,0,0,0,0,0,0,0,71,9,0,0,0,20,NA,7.88888888888889,NA
"derick harden",4,NA,NA,NA,NA,NA,NA,NA,NA,0,0,0,0,0,0,0,2,84,7,0,0,0,20,NA,12,NA
"deshawn hanika",3,NA,NA,NA,NA,NA,NA,NA,NA,0,0,0,0,0,0,0,3,97,10,0,0,0,24,NA,9.7,NA
"desirrio riles",10,NA,NA,NA,NA,NA,NA,NA,NA,0,0,0,0,0,0,0,2,362,28,0,0,0,42,NA,12.9285714285714,NA
"devin habermehl",1,NA,NA,NA,NA,NA,NA,NA,NA,0,0,0,0,0,0,0,0,0,0,0,0,0,NA,NA,NA,NA
"devin kennedy",3,NA,NA,NA,NA,NA,NA,NA,NA,0,0,0,0,0,0,0,1,44,4,0,0,0,27,NA,11,NA
"devon akers",1,NA,NA,NA,NA,NA,NA,NA,NA,0,0,0,0,0,0,0,1,7,1,0,0,0,7,NA,7,NA
"devon tauaefa",8,NA,NA,NA,NA,NA,NA,NA,NA,0,0,0,0,0,0,0,0,90,11,0,0,0,34,NA,8.18181818181818,NA
"devyn gibbs",9,NA,NA,NA,NA,NA,NA,NA,NA,0,0,0,0,0,0,0,0,149,16,0,0,0,39,NA,9.3125,NA
"dillon galloway",2,NA,NA,NA,NA,NA,NA,NA,NA,0,0,0,0,0,0,0,0,14,2,0,0,0,9,NA,7,NA
"dillon golden",8,NA,NA,NA,NA,NA,NA,NA,NA,0,0,0,0,0,0,0,0,78,10,0,0,0,13,NA,7.8,NA
"dillon hipp",3,NA,NA,NA,NA,NA,NA,NA,NA,0,0,0,0,0,0,0,0,17,3,0,0,0,8,NA,5.66666666666667,NA
"dj asiasi",1,NA,NA,NA,NA,NA,NA,NA,NA,0,0,0,0,0,0,0,0,5,1,0,0,0,5,NA,5,NA
"dj vonnahme",9,NA,NA,NA,NA,NA,NA,NA,NA,0,0,0,0,0,0,0,2,288,22,0,0,0,43,NA,13.0909090909091,NA
"dominic deluca",1,NA,NA,NA,NA,NA,NA,NA,NA,0,0,0,0,0,0,0,0,7,1,0,0,0,7,NA,7,NA
"donovan green",1,NA,NA,NA,NA,NA,NA,NA,NA,0,0,0,0,0,0,0,0,40,2,0,0,0,25,NA,20,NA
"donovan payne",7,NA,NA,NA,NA,NA,NA,NA,NA,0,0,0,0,0,0,0,1,152,12,0,0,0,43,NA,12.6666666666667,NA
"donovan price",4,NA,NA,NA,NA,NA,NA,NA,NA,0,0,0,0,0,0,0,0,61,6,0,0,0,25,NA,10.1666666666667,NA
"dorian fleming",11,NA,NA,NA,NA,NA,NA,NA,NA,0,0,0,0,0,0,0,3,351,40,0,0,0,48,NA,8.775,NA
"dorian thomas",12,NA,NA,NA,NA,NA,NA,NA,NA,0,0,2,2,0,0,0,4,545,53,0,0,0,34,NA,10.2830188679245,NA
"drake martinez",9,NA,NA,NA,NA,NA,NA,NA,NA,0,0,0,0,0,0,0,1,124,18,0,0,0,18,NA,6.88888888888889,NA
"drew biber",12,NA,NA,NA,NA,NA,NA,NA,NA,0,0,0,0,0,0,0,0,136,18,0,0,0,21,NA,7.55555555555556,NA
"drew cassens",5,NA,NA,NA,NA,NA,NA,NA,NA,0,0,0,0,0,0,0,1,55,5,0,0,0,37,NA,11,NA
"drew danson",6,NA,NA,NA,NA,NA,NA,NA,NA,0,0,0,0,0,0,0,0,39,6,0,0,0,12,NA,6.5,NA
"dupree fuller",6,NA,NA,NA,NA,NA,NA,NA,NA,0,0,0,0,0,0,0,1,159,13,0,0,0,54,NA,12.2307692307692,NA
"dylan burk",4,NA,NA,NA,NA,NA,NA,NA,NA,0,0,0,0,0,0,0,0,55,6,0,0,0,15,NA,9.16666666666667,NA
"dylan lawson",1,NA,NA,NA,NA,NA,NA,NA,NA,0,0,0,0,0,0,0,0,7,1,0,0,0,7,NA,7,NA
"dylan magazu",7,NA,NA,NA,NA,NA,NA,NA,NA,0,0,0,0,0,0,0,2,168,11,0,0,0,31,NA,15.2727272727273,NA
"dylan wade",10,NA,NA,NA,NA,NA,NA,NA,NA,0,0,0,0,0,0,0,5,523,43,0,0,0,83,NA,12.1627906976744,NA
"efrain quiles",1,NA,NA,NA,NA,NA,NA,NA,NA,0,0,0,1,0,0,0,0,0,0,0,0,0,NA,NA,NA,NA
"ej core",7,NA,NA,NA,NA,NA,NA,NA,NA,0,0,1,1,0,0,0,0,92,8,0,1,3,52,4,11.5,0.333333333333333
"eli finley",10,NA,NA,NA,NA,NA,NA,NA,NA,0,0,0,0,0,0,0,0,441,37,0,0,0,73,NA,11.9189189189189,NA
"eli jacon duffy",2,NA,NA,NA,NA,NA,NA,NA,NA,0,0,0,0,0,0,0,0,22,1,0,0,0,22,NA,22,NA
"eli mahan",2,NA,NA,NA,NA,NA,NA,NA,NA,0,0,0,0,0,0,0,1,14,3,0,0,0,6,NA,4.66666666666667,NA
"eli raridon",9,NA,NA,NA,NA,NA,NA,NA,NA,0,0,0,0,0,0,0,0,482,32,0,0,0,65,NA,15.0625,NA
"eli stowers",12,NA,NA,NA,NA,NA,NA,NA,NA,0,0,0,0,0,0,0,4,765,61,0,2,2,67,4,12.5409836065574,1
"elija lofton",11,NA,NA,NA,NA,NA,NA,NA,NA,0,0,0,0,0,0,0,3,195,21,0,7,2,29,4,9.28571428571429,3.5
"elijah lagg",11,NA,NA,NA,NA,NA,NA,NA,NA,0,0,1,1,0,0,0,0,164,20,0,0,0,17,NA,8.2,NA
"elijah sessoms",9,NA,NA,NA,NA,NA,NA,NA,NA,0,0,1,1,0,0,0,2,190,22,0,0,0,21,NA,8.63636363636364,NA
"elijah smalls",8,NA,NA,NA,NA,NA,NA,NA,NA,0,0,0,0,0,0,0,1,148,12,0,0,0,26,NA,12.3333333333333,NA
"elijah washington baker",1,NA,NA,NA,NA,NA,NA,NA,NA,0,0,0,0,0,0,0,1,17,1,0,0,0,17,NA,17,NA
"elvin fofanah",3,NA,NA,NA,NA,NA,NA,NA,NA,0,0,0,0,0,0,0,1,63,3,0,0,0,31,NA,21,NA
"elyiss williams",5,NA,NA,NA,NA,NA,NA,NA,NA,0,0,0,0,0,0,0,1,117,7,0,0,0,27,NA,16.7142857142857,NA
"emaree winston",2,NA,NA,NA,NA,NA,NA,NA,NA,0,0,0,0,0,0,0,0,47,2,0,0,0,33,NA,23.5,NA
"eni falayi",7,NA,NA,NA,NA,NA,NA,NA,NA,0,0,0,0,0,0,0,2,218,19,0,0,0,42,NA,11.4736842105263,NA
"eric olsen",12,NA,NA,NA,NA,NA,NA,NA,NA,0,0,0,0,0,0,0,2,566,51,0,31,7,49,8,11.0980392156863,4.42857142857143
"ethan conner",9,NA,NA,NA,NA,NA,NA,NA,NA,0,0,0,0,0,0,0,3,362,26,0,0,1,39,0,13.9230769230769,0
"ethan davis",6,NA,NA,NA,NA,NA,NA,NA,NA,0,0,0,0,0,0,0,2,257,21,0,0,0,40,NA,12.2380952380952,NA
"ethan dirrim",1,NA,NA,NA,NA,NA,NA,NA,NA,0,0,0,0,0,0,0,0,0,0,0,0,0,NA,NA,NA,NA
"ethan hosak",9,NA,NA,NA,NA,NA,NA,NA,NA,0,0,1,1,0,0,0,2,158,15,0,0,0,24,NA,10.5333333333333,NA
"ethan john",6,NA,NA,NA,NA,NA,NA,NA,NA,0,0,0,0,0,0,0,0,147,9,0,0,0,33,NA,16.3333333333333,NA
"ethan malafa",5,NA,NA,NA,NA,NA,NA,NA,NA,0,0,0,0,0,0,0,1,66,6,0,0,0,24,NA,11,NA
"evan chieca",10,NA,NA,NA,NA,NA,NA,NA,NA,0,0,0,0,0,0,0,4,255,31,0,0,0,34,NA,8.2258064516129,NA
"evan dangler",1,NA,NA,NA,NA,NA,NA,NA,NA,0,0,0,0,0,0,0,1,1,1,0,0,0,1,NA,1,NA
"evan king",3,NA,NA,NA,NA,NA,NA,NA,NA,0,0,0,0,0,0,0,0,68,9,0,0,0,16,NA,7.55555555555556,NA
"evan poticher",1,NA,NA,NA,NA,NA,NA,NA,NA,0,0,0,0,0,0,0,0,5,1,0,0,0,5,NA,5,NA
"evan shafer",7,NA,NA,NA,NA,NA,NA,NA,NA,0,0,0,0,0,0,0,2,91,10,0,0,0,18,NA,9.1,NA
"evan stein",1,NA,NA,NA,NA,NA,NA,NA,NA,0,0,0,0,0,0,0,0,6,2,0,0,0,5,NA,3,NA
"evan svoboda",7,NA,NA,NA,NA,NA,NA,NA,NA,0,0,0,0,0,0,0,1,92,11,0,12,5,27,6,8.36363636363636,2.4
"everett hunter",10,NA,NA,NA,NA,NA,NA,NA,NA,0,0,0,0,0,0,0,3,283,24,0,0,0,36,NA,11.7916666666667,NA
"fabian rogosch",2,NA,NA,NA,NA,NA,NA,NA,NA,0,0,0,0,0,0,0,0,0,0,0,0,0,NA,NA,NA,NA
"finn diggins",4,NA,NA,NA,NA,NA,NA,NA,NA,0,0,0,0,0,0,0,0,89,8,0,0,0,19,NA,11.125,NA
"fisher clements",4,NA,NA,NA,NA,NA,NA,NA,NA,0,0,0,0,0,0,0,0,27,4,0,0,0,13,NA,6.75,NA
"francisco pratts iii",2,NA,NA,NA,NA,NA,NA,NA,NA,0,0,0,0,0,0,0,0,5,1,0,0,0,5,NA,5,NA
"frank bierman",3,NA,NA,NA,NA,NA,NA,NA,NA,0,0,0,0,0,0,0,0,12,3,0,0,0,5,NA,4,NA
"gabe burkle",8,NA,NA,NA,NA,NA,NA,NA,NA,0,0,0,0,0,0,0,1,302,26,0,1,1,44,1,11.6153846153846,1
"gabe fisher",2,NA,NA,NA,NA,NA,NA,NA,NA,0,0,0,0,0,0,0,0,6,2,0,0,0,5,NA,3,NA
"gabe hoffmann",1,NA,NA,NA,NA,NA,NA,NA,NA,0,0,0,0,0,0,0,0,19,1,0,0,0,19,NA,19,NA
"gabe lovorn",1,NA,NA,NA,NA,NA,NA,NA,NA,0,0,0,0,0,0,0,0,0,0,0,0,0,NA,NA,NA,NA
"gabe milbourn",7,NA,NA,NA,NA,NA,NA,NA,NA,0,0,0,0,0,0,0,1,185,17,0,0,0,26,NA,10.8823529411765,NA
"garrett guess",2,NA,NA,NA,NA,NA,NA,NA,NA,0,0,0,0,0,0,0,1,28,3,0,0,0,13,NA,9.33333333333333,NA
"garrett harrold",5,NA,NA,NA,NA,NA,NA,NA,NA,0,0,0,0,0,0,0,1,41,8,0,0,0,13,NA,5.125,NA
"garrett long",1,NA,NA,NA,NA,NA,NA,NA,NA,0,0,0,0,0,0,0,0,0,0,0,0,0,NA,NA,NA,NA
"garrett oakley",9,NA,NA,NA,NA,NA,NA,NA,NA,0,0,1,1,0,0,0,6,389,38,0,0,0,35,NA,10.2368421052632,NA
"garrison curry",4,NA,NA,NA,NA,NA,NA,NA,NA,0,0,0,0,0,0,0,1,26,4,0,0,0,10,NA,6.5,NA
"gavin grover",2,NA,NA,NA,NA,NA,NA,NA,NA,0,0,0,0,0,0,0,0,47,3,0,0,0,33,NA,15.6666666666667,NA
"gavin harris",12,NA,NA,NA,NA,NA,NA,NA,NA,0,0,0,0,0,0,0,1,514,36,0,0,0,34,NA,14.2777777777778,NA
"gavin nelson",2,NA,NA,NA,NA,NA,NA,NA,NA,0,0,0,0,0,0,0,0,70,5,0,0,0,20,NA,14,NA
"gavin noe",5,NA,NA,NA,NA,NA,NA,NA,NA,0,0,0,0,0,0,0,0,0,0,0,0,0,NA,NA,NA,NA
"gavin yohn",1,NA,NA,NA,NA,NA,NA,NA,NA,0,0,0,0,0,0,0,0,5,1,0,0,0,5,NA,5,NA
"gavyn hays",1,NA,NA,NA,NA,NA,NA,NA,NA,0,0,0,0,0,0,0,0,15,1,0,0,0,15,NA,15,NA
"george burhenn",3,NA,NA,NA,NA,NA,NA,NA,NA,0,0,0,0,0,0,0,0,94,9,0,0,0,21,NA,10.4444444444444,NA
"gerard bullock",10,NA,NA,NA,NA,NA,NA,NA,NA,0,0,0,1,0,0,0,1,141,21,0,0,0,19,NA,6.71428571428571,NA
"gerard edimo",4,NA,NA,NA,NA,NA,NA,NA,NA,0,0,0,0,0,0,0,0,98,4,0,0,0,54,NA,24.5,NA
"graham smith",6,NA,NA,NA,NA,NA,NA,NA,NA,0,0,0,0,0,0,0,2,56,8,0,0,0,14,NA,7,NA
"grant hollier",8,NA,NA,NA,NA,NA,NA,NA,NA,0,0,0,0,0,0,0,4,288,21,0,0,0,52,NA,13.7142857142857,NA
"grant norberg",1,NA,NA,NA,NA,NA,NA,NA,NA,0,0,0,0,0,0,0,0,4,1,0,0,0,4,NA,4,NA
"grant romfo",2,NA,NA,NA,NA,NA,NA,NA,NA,0,0,0,0,0,0,0,0,34,4,0,0,0,17,NA,8.5,NA
"grant stec",4,NA,NA,NA,NA,NA,NA,NA,NA,0,0,0,0,0,0,0,0,52,5,0,0,0,22,NA,10.4,NA
"grayson barnes",9,NA,NA,NA,NA,NA,NA,NA,NA,0,0,1,1,0,0,0,2,232,21,0,0,0,34,NA,11.047619047619,NA
"grayson brousseau",5,NA,NA,NA,NA,NA,NA,NA,NA,0,0,0,0,0,0,0,0,45,7,0,0,0,25,NA,6.42857142857143,NA
"greyson labiad",1,NA,NA,NA,NA,NA,NA,NA,NA,0,0,0,0,0,0,0,0,6,1,0,0,0,6,NA,6,NA
"greyton gannon",12,NA,NA,NA,NA,NA,NA,NA,NA,0,0,0,1,0,0,0,3,320,29,0,0,0,42,NA,11.0344827586207,NA
"griffin reimer",1,NA,NA,NA,NA,NA,NA,NA,NA,0,0,0,0,0,0,0,0,7,1,0,0,0,7,NA,7,NA
"guiseann mirtil",1,NA,NA,NA,NA,NA,NA,NA,NA,0,0,0,0,0,0,0,0,8,1,0,0,0,8,NA,8,NA
"gus mcgee",8,NA,NA,NA,NA,NA,NA,NA,NA,0,0,0,0,0,0,0,1,127,14,0,0,0,25,NA,9.07142857142857,NA
"hank gibbs",8,NA,NA,NA,NA,NA,NA,NA,NA,0,0,0,0,0,0,0,0,26,2,1,39,19,22,8,13,2.05263157894737
"harrison hamsley",1,NA,NA,NA,NA,NA,NA,NA,NA,0,0,0,0,0,0,0,0,2,1,0,0,0,2,NA,2,NA
"harrison saint germain",3,NA,NA,NA,NA,NA,NA,NA,NA,0,0,0,0,0,0,0,0,28,4,0,0,0,9,NA,7,NA
"haven mullins",2,NA,NA,NA,NA,NA,NA,NA,NA,0,0,0,0,0,0,0,1,32,4,0,0,0,13,NA,8,NA
"hayden daugherty",8,NA,NA,NA,NA,NA,NA,NA,NA,0,0,0,0,0,0,0,0,87,11,0,0,0,19,NA,7.90909090909091,NA
"hayden erickson",2,NA,NA,NA,NA,NA,NA,NA,NA,0,0,0,0,0,0,0,0,16,2,0,0,0,11,NA,8,NA
"hayden george",8,NA,NA,NA,NA,NA,NA,NA,NA,0,0,0,0,0,0,0,0,120,13,0,24,1,19,24,9.23076923076923,24
"hayden hagler",2,NA,NA,NA,NA,NA,NA,NA,NA,0,0,0,0,0,0,0,0,16,2,0,0,0,15,NA,8,NA
"hayden hansen",11,NA,NA,NA,NA,NA,NA,NA,NA,0,0,1,1,0,0,0,2,254,30,0,0,0,28,NA,8.46666666666667,NA
"hayden kincheloe",11,NA,NA,NA,NA,NA,NA,NA,NA,0,0,0,0,0,0,0,0,0,0,1,40,18,NA,5,NA,2.22222222222222
"hayden large",6,NA,NA,NA,NA,NA,NA,NA,NA,0,0,0,0,0,0,0,0,52,8,0,0,0,17,NA,6.5,NA
"haydn stay",5,NA,NA,NA,NA,NA,NA,NA,NA,0,0,0,0,0,0,0,1,73,6,0,0,0,21,NA,12.1666666666667,NA
"heinrich haarberg",10,NA,NA,NA,NA,NA,NA,NA,NA,0,0,1,1,0,0,0,1,52,8,0,9,9,13,2,6.5,1
"henry boyer",5,NA,NA,NA,NA,NA,NA,NA,NA,0,1,0,0,0,0,0,0,62,5,0,0,0,19,NA,12.4,NA
"henry dryden",6,NA,NA,NA,NA,NA,NA,NA,NA,0,0,0,0,0,0,0,0,64,7,0,0,0,23,NA,9.14285714285714,NA
"hogan hansen",1,NA,NA,NA,NA,NA,NA,NA,NA,0,0,0,0,0,0,0,0,43,3,0,0,0,26,NA,14.3333333333333,NA
"holden staes",5,NA,NA,NA,NA,NA,NA,NA,NA,0,0,0,0,0,0,0,2,62,7,0,0,0,18,NA,8.85714285714286,NA
"houston thomas",12,NA,NA,NA,NA,NA,NA,NA,NA,0,0,0,0,0,0,0,2,347,34,0,0,0,32,NA,10.2058823529412,NA
"hudson cedarland",2,NA,NA,NA,NA,NA,NA,NA,NA,0,0,0,0,0,0,0,0,4,1,0,0,0,4,NA,4,NA
"hudson habermehl",10,NA,NA,NA,NA,NA,NA,NA,NA,0,0,0,0,0,0,0,0,138,20,0,0,0,26,NA,6.9,NA
"hunter andrews",4,NA,NA,NA,NA,NA,NA,NA,NA,0,0,0,0,0,0,0,0,65,10,1,113,13,14,25,6.5,8.69230769230769
"hunter ditrano",4,NA,NA,NA,NA,NA,NA,NA,NA,0,0,0,0,0,0,0,1,32,5,0,0,0,10,NA,6.4,NA
"hunter green",1,NA,NA,NA,NA,NA,NA,NA,NA,0,0,0,0,0,0,0,0,15,1,0,0,0,15,NA,15,NA
"hunter hopperton",4,NA,NA,NA,NA,NA,NA,NA,NA,0,0,0,0,0,0,0,0,38,5,0,0,0,14,NA,7.6,NA
"hunter provience",4,NA,NA,NA,NA,NA,NA,NA,NA,0,0,0,0,0,0,0,1,111,8,0,0,0,43,NA,13.875,NA
"hunter tipton",12,NA,NA,NA,NA,NA,NA,NA,NA,0,0,0,0,0,0,0,2,411,39,0,0,0,37,NA,10.5384615384615,NA
"hunter welcing",11,NA,NA,NA,NA,NA,NA,NA,NA,0,0,0,0,0,0,0,2,283,27,0,0,0,36,NA,10.4814814814815,NA
"huseyin simsir",4,NA,NA,NA,NA,NA,NA,NA,NA,0,0,0,0,0,0,0,0,41,5,0,0,0,12,NA,8.2,NA
"hyatt timosciek",10,NA,NA,NA,NA,NA,NA,NA,NA,0,0,1,1,0,0,0,0,181,18,0,0,0,34,NA,10.0555555555556,NA
"ian schieffelin",2,NA,NA,NA,NA,NA,NA,NA,NA,0,0,0,0,0,0,0,0,10,2,0,0,0,11,NA,5,NA
"ian simpson",11,NA,NA,NA,NA,NA,NA,NA,NA,0,0,0,0,0,0,0,2,395,26,0,0,0,34,NA,15.1923076923077,NA
"ikeem wright",8,NA,NA,NA,NA,NA,NA,NA,NA,0,0,1,1,0,0,0,1,130,12,0,0,0,27,NA,10.8333333333333,NA
"isaac mclellan",3,NA,NA,NA,NA,NA,NA,NA,NA,0,0,0,0,0,0,0,0,0,0,0,22,1,NA,22,NA,22
"isaac schoenfeld",1,NA,NA,NA,NA,NA,NA,NA,NA,0,0,0,0,0,0,0,0,8,1,0,0,0,8,NA,8,NA
"isaiah grimes",9,NA,NA,NA,NA,NA,NA,NA,NA,0,0,0,0,0,0,0,3,200,23,0,0,0,30,NA,8.69565217391304,NA
"izayah cummings",8,NA,NA,NA,NA,NA,NA,NA,NA,0,0,0,0,0,0,0,1,374,37,0,0,0,30,NA,10.1081081081081,NA
"j c sivley",5,NA,NA,NA,NA,NA,NA,NA,NA,0,0,0,0,0,0,0,0,59,6,0,0,0,21,NA,9.83333333333333,NA
"j t byrne",5,NA,NA,NA,NA,NA,NA,NA,NA,0,0,0,0,0,0,0,1,36,5,0,-1,1,21,0,7.2,-1
"ja ricous hairston",8,NA,NA,NA,NA,NA,NA,NA,NA,0,0,0,0,0,0,0,3,112,12,0,0,0,33,NA,9.33333333333333,NA
"jabari bush",5,NA,NA,NA,NA,NA,NA,NA,NA,0,0,0,0,0,0,0,0,70,10,0,0,0,28,NA,7,NA
"jace henry",6,NA,NA,NA,NA,NA,NA,NA,NA,0,0,0,0,0,0,0,0,43,7,0,0,0,32,NA,6.14285714285714,NA
"jack bohm squicciarini",5,NA,NA,NA,NA,NA,NA,NA,NA,0,0,0,0,0,0,0,0,42,5,0,0,0,13,NA,8.4,NA
"jack donnelly",4,NA,NA,NA,NA,NA,NA,NA,NA,0,0,0,0,0,0,0,0,68,5,0,0,0,35,NA,13.6,NA
"jack endries",11,NA,NA,NA,NA,NA,NA,NA,NA,0,0,0,0,0,0,0,2,311,28,0,0,0,54,NA,11.1071428571429,NA
"jack ewell",3,NA,NA,NA,NA,NA,NA,NA,NA,0,0,0,0,0,0,0,0,15,2,0,0,0,8,NA,7.5,NA
"jack larsen",3,NA,NA,NA,NA,NA,NA,NA,NA,0,0,0,0,0,0,0,0,30,3,0,0,0,24,NA,10,NA
"jack neri",10,NA,NA,NA,NA,NA,NA,NA,NA,0,0,0,0,0,0,0,4,119,13,0,0,0,33,NA,9.15384615384615,NA
"jack pedersen",7,NA,NA,NA,NA,NA,NA,NA,NA,0,0,0,0,0,0,0,0,72,11,0,0,0,15,NA,6.54545454545455,NA
"jack perozek",2,NA,NA,NA,NA,NA,NA,NA,NA,0,0,0,0,0,0,0,0,15,2,0,0,0,12,NA,7.5,NA
"jack van dorselaer",4,NA,NA,NA,NA,NA,NA,NA,NA,0,0,0,0,0,0,0,1,23,5,0,0,0,7,NA,4.6,NA
"jack velling",11,NA,NA,NA,NA,NA,NA,NA,NA,0,0,0,0,0,0,0,3,359,36,0,0,0,28,NA,9.97222222222222,NA
"jackson acker",10,NA,NA,NA,NA,NA,NA,NA,NA,0,0,0,0,0,0,0,1,66,8,0,55,15,24,12,8.25,3.66666666666667
"jackson blee",7,NA,NA,NA,NA,NA,NA,NA,NA,0,0,0,0,0,0,0,3,311,25,0,0,0,63,NA,12.44,NA
"jackson canaan",12,NA,NA,NA,NA,NA,NA,NA,NA,0,0,0,0,0,0,0,0,315,33,0,0,0,44,NA,9.54545454545454,NA
"jackson conners mccarthy",6,NA,NA,NA,NA,NA,NA,NA,NA,0,0,0,0,0,0,0,0,78,14,0,-1,3,13,3,5.57142857142857,-0.333333333333333
"jackson ford",7,NA,NA,NA,NA,NA,NA,NA,NA,0,0,0,0,0,0,0,0,68,8,0,0,0,18,NA,8.5,NA
"jackson gister",1,NA,NA,NA,NA,NA,NA,NA,NA,0,0,0,0,0,0,0,0,11,1,0,0,0,11,NA,11,NA
"jackson head",7,NA,NA,NA,NA,NA,NA,NA,NA,0,0,0,0,0,0,0,1,171,15,0,0,0,27,NA,11.4,NA
"jackson kostmayer",4,NA,NA,NA,NA,NA,NA,NA,NA,0,0,0,0,0,0,0,0,35,4,0,0,0,21,NA,8.75,NA
"jackson lowe",7,NA,NA,NA,NA,NA,NA,NA,NA,0,0,0,0,0,0,0,1,77,11,0,0,0,15,NA,7,NA
"jackson mcgohan",3,NA,NA,NA,NA,NA,NA,NA,NA,0,0,0,0,0,0,0,0,35,3,0,0,0,15,NA,11.6666666666667,NA
"jackson pryor",4,NA,NA,NA,NA,NA,NA,NA,NA,0,0,0,0,0,0,0,1,50,4,0,0,0,24,NA,12.5,NA
"jackson verdugo",7,NA,NA,NA,NA,NA,NA,NA,NA,0,0,0,0,0,0,0,1,101,10,0,0,0,21,NA,10.1,NA
"jackson west",5,NA,NA,NA,NA,NA,NA,NA,NA,0,0,0,0,0,0,0,1,68,7,0,0,0,17,NA,9.71428571428571,NA
"jackson worley",5,NA,NA,NA,NA,NA,NA,NA,NA,0,0,0,1,0,0,0,1,49,5,0,0,0,13,NA,9.8,NA
"jacob barrick",6,NA,NA,NA,NA,NA,NA,NA,NA,0,0,0,1,0,0,0,0,69,9,0,0,0,15,NA,7.66666666666667,NA
"jacob harris",10,NA,NA,NA,NA,NA,NA,NA,NA,0,0,0,0,0,0,0,5,182,19,0,0,0,38,NA,9.57894736842105,NA
"jacob jenkins",9,NA,NA,NA,NA,NA,NA,NA,NA,0,0,0,0,0,0,0,2,191,14,0,0,0,43,NA,13.6428571428571,NA
"jacob newell",3,NA,NA,NA,NA,NA,NA,NA,NA,0,0,0,0,0,0,0,0,14,4,0,0,0,5,NA,3.5,NA
"jacob petersen",12,NA,NA,NA,NA,NA,NA,NA,NA,0,0,0,0,0,0,0,2,275,22,0,0,0,28,NA,12.5,NA
"jacob ritchie",6,NA,NA,NA,NA,NA,NA,NA,NA,0,0,0,0,0,0,0,1,68,6,0,-6,1,25,0,11.3333333333333,-6
"jacob stewart",4,NA,NA,NA,NA,NA,NA,NA,NA,0,0,0,0,0,0,0,1,70,4,0,0,0,43,NA,17.5,NA
"jacorey hyder",8,NA,NA,NA,NA,NA,NA,NA,NA,0,0,0,0,0,0,0,2,221,16,0,0,0,34,NA,13.8125,NA
"jaden allen",9,NA,NA,NA,NA,NA,NA,NA,NA,0,0,0,1,0,0,0,1,187,19,0,0,0,31,NA,9.8421052631579,NA
"jaden fowler",5,NA,NA,NA,NA,NA,NA,NA,NA,0,0,0,0,0,0,0,0,45,5,0,0,0,23,NA,9,NA
"jaden hamm",1,NA,NA,NA,NA,NA,NA,NA,NA,0,0,0,0,0,0,0,0,0,0,0,0,0,NA,NA,NA,NA
"jaden platt",11,NA,NA,NA,NA,NA,NA,NA,NA,0,0,0,0,0,0,0,2,296,21,0,0,0,34,NA,14.0952380952381,NA
"jaden reddell",1,NA,NA,NA,NA,NA,NA,NA,NA,0,0,0,0,0,0,0,0,9,1,0,0,0,9,NA,9,NA
"jaiden dozier",8,NA,NA,NA,NA,NA,NA,NA,NA,0,0,0,0,0,0,0,1,144,14,0,-2,1,34,0,10.2857142857143,-2
"jake appleget",6,NA,NA,NA,NA,NA,NA,NA,NA,0,0,0,0,0,0,0,1,57,7,0,0,0,17,NA,8.14285714285714,NA
"jake bruno",8,NA,NA,NA,NA,NA,NA,NA,NA,0,0,0,0,0,0,0,2,78,8,0,48,1,16,48,9.75,48
"jake cox",7,NA,NA,NA,NA,NA,NA,NA,NA,0,0,1,1,0,0,0,2,99,10,0,0,0,42,NA,9.9,NA
"jake johnson",6,NA,NA,NA,NA,NA,NA,NA,NA,0,0,0,0,0,0,0,1,149,16,0,0,0,19,NA,9.3125,NA
"jake kucera",3,NA,NA,NA,NA,NA,NA,NA,NA,0,0,0,0,0,69,1,1,20,2,0,0,0,14,NA,10,NA
"jake norris",1,NA,NA,NA,NA,NA,NA,NA,NA,0,0,0,0,0,0,0,0,23,1,0,0,0,23,NA,23,NA
"jake overman",7,NA,NA,NA,NA,NA,NA,NA,NA,0,0,0,0,0,0,0,1,71,9,0,0,0,14,NA,7.88888888888889,NA
"jake scobey",2,NA,NA,NA,NA,NA,NA,NA,NA,0,0,0,0,0,0,0,0,9,2,0,0,0,7,NA,4.5,NA
"jake simpson",1,NA,NA,NA,NA,NA,NA,NA,NA,0,0,0,0,0,0,0,0,0,0,0,0,0,NA,NA,NA,NA
"jake tarwater",4,NA,NA,NA,NA,NA,NA,NA,NA,0,0,0,0,0,0,0,0,52,5,0,1,1,14,1,10.4,1
"jake taylor",2,NA,NA,NA,NA,NA,NA,NA,NA,0,0,0,0,0,0,0,0,20,2,0,0,0,16,NA,10,NA
"jake woods",2,NA,NA,NA,NA,NA,NA,NA,NA,0,0,0,0,0,0,0,0,30,2,0,0,0,18,NA,15,NA
"jake young",3,NA,NA,NA,NA,NA,NA,NA,NA,0,0,0,0,0,0,0,0,30,4,0,0,0,12,NA,7.5,NA
"jakobie hughes",6,NA,NA,NA,NA,NA,NA,NA,NA,0,0,0,0,0,0,0,1,56,6,0,0,0,18,NA,9.33333333333333,NA
"jaleel skinner",9,NA,NA,NA,NA,NA,NA,NA,NA,0,0,0,0,0,0,0,2,199,20,0,0,0,33,NA,9.95,NA
"jalen butler",6,NA,NA,NA,NA,NA,NA,NA,NA,0,0,0,0,0,0,0,1,59,9,0,0,0,18,NA,6.55555555555556,NA
"jalen hoffman",1,NA,NA,NA,NA,NA,NA,NA,NA,0,0,0,0,0,0,0,0,0,0,0,0,0,NA,NA,NA,NA
"jamari johnson",11,NA,NA,NA,NA,NA,NA,NA,NA,0,0,0,0,0,0,0,1,320,23,0,0,0,56,NA,13.9130434782609,NA
"jamauri chislom",8,NA,NA,NA,NA,NA,NA,NA,NA,0,0,0,0,0,0,0,0,98,14,0,0,0,17,NA,7,NA
"james falk",3,NA,NA,NA,NA,NA,NA,NA,NA,0,0,0,1,0,0,0,0,30,3,0,0,0,20,NA,10,NA
"jameson geers",12,NA,NA,NA,NA,NA,NA,NA,NA,0,0,0,1,0,0,0,4,206,26,0,1,2,25,1,7.92307692307692,0.5
"jamie tremble",9,NA,NA,NA,NA,NA,NA,NA,NA,0,0,0,0,0,0,0,0,1,1,0,0,0,1,NA,1,NA
"jared gibble",1,NA,NA,NA,NA,NA,NA,NA,NA,0,0,0,0,0,0,0,0,2,1,0,0,0,2,NA,2,NA
"jaren bowling",4,NA,NA,NA,NA,NA,NA,NA,NA,0,0,0,0,0,0,0,0,29,6,0,0,0,13,NA,4.83333333333333,NA
"jaren kanak",12,NA,NA,NA,NA,NA,NA,NA,NA,0,0,1,1,0,0,0,0,511,40,0,0,0,48,NA,12.775,NA
"jaron kelley",8,NA,NA,NA,NA,NA,NA,NA,NA,0,0,0,0,0,0,0,2,133,12,0,0,0,24,NA,11.0833333333333,NA
"jase skoglund",5,NA,NA,NA,NA,NA,NA,NA,NA,0,0,0,0,0,0,0,0,98,8,0,0,0,32,NA,12.25,NA
"jason fowler",1,NA,NA,NA,NA,NA,NA,NA,NA,0,0,0,0,0,0,0,0,14,2,0,0,0,7,NA,7,NA
"jason hoath jr",2,NA,NA,NA,NA,NA,NA,NA,NA,0,0,0,0,0,0,0,0,8,2,0,0,0,8,NA,4,NA
"jason jeffares",2,NA,NA,NA,NA,NA,NA,NA,NA,0,0,0,0,0,0,0,0,0,0,0,0,0,NA,NA,NA,NA
"javon charles",9,NA,NA,NA,NA,NA,NA,NA,NA,0,0,0,0,0,0,0,3,137,15,0,0,0,19,NA,9.13333333333333,NA
"javonte vereen",8,NA,NA,NA,NA,NA,NA,NA,NA,0,0,0,0,0,0,0,5,305,21,0,0,0,50,NA,14.5238095238095,NA
"jax markovich",5,NA,NA,NA,NA,NA,NA,NA,NA,0,0,0,1,0,0,0,0,38,7,0,0,0,16,NA,5.42857142857143,NA
"jaxson isaac",5,NA,NA,NA,NA,NA,NA,NA,NA,0,0,0,0,0,0,0,1,49,6,0,0,0,17,NA,8.16666666666667,NA
"jaxxon warren",2,NA,NA,NA,NA,NA,NA,NA,NA,0,0,0,0,0,0,0,1,95,7,0,0,0,27,NA,13.5714285714286,NA
"jay lindsey",1,NA,NA,NA,NA,NA,NA,NA,NA,0,0,0,0,0,0,0,0,-1,1,0,0,0,0,NA,-1,NA
"jayden o rourke",1,NA,NA,NA,NA,NA,NA,NA,NA,0,0,0,0,0,0,0,0,25,2,0,0,0,17,NA,12.5,NA
"jayden savoury",1,NA,NA,NA,NA,NA,NA,NA,NA,0,0,0,0,0,0,0,0,16,1,0,0,0,16,NA,16,NA
"jaylin mobley",2,NA,NA,NA,NA,NA,NA,NA,NA,0,0,0,0,0,0,0,0,3,2,0,0,0,4,NA,1.5,NA
"jayvontay conner",12,NA,NA,NA,NA,NA,NA,NA,NA,0,0,1,1,0,0,0,3,333,23,0,11,3,79,6,14.4782608695652,3.66666666666667
"jed castles",10,NA,NA,NA,NA,NA,NA,NA,NA,0,0,0,0,0,0,0,1,154,19,0,0,0,40,NA,8.10526315789474,NA
"jeffrey johnson",3,NA,NA,NA,NA,NA,NA,NA,NA,0,0,0,0,0,0,0,0,30,3,0,0,0,20,NA,10,NA
"jelani thurman",6,NA,NA,NA,NA,NA,NA,NA,NA,0,0,0,0,0,0,0,1,84,7,0,0,0,26,NA,12,NA
"jency riley",8,NA,NA,NA,NA,NA,NA,NA,NA,0,0,0,0,0,0,0,1,164,16,0,0,0,28,NA,10.25,NA
"jeremiah franklin",12,NA,NA,NA,NA,NA,NA,NA,NA,0,0,1,1,0,0,0,2,489,48,0,0,0,32,NA,10.1875,NA
"jeremiah hasley",11,NA,NA,NA,NA,NA,NA,NA,NA,0,0,0,0,0,0,0,3,385,31,0,0,0,56,NA,12.4193548387097,NA
"jeremiah scoby",3,NA,NA,NA,NA,NA,NA,NA,NA,0,0,0,0,0,0,0,0,9,1,0,9,1,9,9,9,9
"jeron askren",9,NA,NA,NA,NA,NA,NA,NA,NA,0,0,0,0,0,0,0,5,223,17,0,0,0,75,NA,13.1176470588235,NA
"jesse miller",7,NA,NA,NA,NA,NA,NA,NA,NA,0,0,0,1,0,0,0,1,140,18,0,5,1,17,5,7.77777777777778,5
"jeter purdy",11,NA,NA,NA,NA,NA,NA,NA,NA,0,0,0,0,0,0,0,1,368,27,0,0,0,33,NA,13.6296296296296,NA
"jett carpenter",12,NA,NA,NA,NA,NA,NA,NA,NA,0,0,0,0,0,0,0,2,374,35,0,0,0,44,NA,10.6857142857143,NA
"jett runion",1,NA,NA,NA,NA,NA,NA,NA,NA,0,0,0,0,0,0,0,0,0,0,0,0,0,NA,NA,NA,NA
"jett zabel",2,NA,NA,NA,NA,NA,NA,NA,NA,0,0,0,0,0,0,0,0,4,1,0,0,0,4,NA,4,NA
"jewlyen roberts",4,NA,NA,NA,NA,NA,NA,NA,NA,0,0,0,0,0,0,0,1,15,3,0,0,0,9,NA,5,NA
"jimmy casey",5,NA,NA,NA,NA,NA,NA,NA,NA,0,0,0,0,0,0,0,2,48,5,0,0,0,20,NA,9.6,NA
"jj buchanan",10,NA,NA,NA,NA,NA,NA,NA,NA,0,0,0,0,0,0,0,4,351,22,0,0,0,60,NA,15.9545454545455,NA
"jj douglas",7,NA,NA,NA,NA,NA,NA,NA,NA,0,0,0,0,0,0,0,0,0,0,0,0,0,NA,NA,NA,NA
"joe mcnab",4,NA,NA,NA,NA,NA,NA,NA,NA,0,0,0,0,0,0,0,2,58,6,0,0,0,23,NA,9.66666666666667,NA
"joe royer",12,NA,NA,NA,NA,NA,NA,NA,NA,0,0,0,0,0,0,0,4,416,29,0,0,0,73,NA,14.3448275862069,NA
"joey bemis",1,NA,NA,NA,NA,NA,NA,NA,NA,0,0,0,0,0,0,0,0,20,2,0,0,0,13,NA,10,NA
"joey schlaffer",1,NA,NA,NA,NA,NA,NA,NA,NA,0,0,0,0,0,0,0,1,19,1,0,0,0,19,NA,19,NA
"joey wassler",7,NA,NA,NA,NA,NA,NA,NA,NA,0,0,0,0,0,0,0,0,103,12,0,0,0,18,NA,8.58333333333333,NA
"johans bars",4,NA,NA,NA,NA,NA,NA,NA,NA,0,1,0,0,0,0,0,1,52,5,0,0,0,24,NA,10.4,NA
"john condakes",1,NA,NA,NA,NA,NA,NA,NA,NA,0,0,0,0,0,0,0,0,0,0,0,0,0,NA,NA,NA,NA
"john grant",2,NA,NA,NA,NA,NA,NA,NA,NA,0,0,0,0,0,0,0,0,8,2,0,0,0,5,NA,4,NA
"john mcintyre",7,NA,NA,NA,NA,NA,NA,NA,NA,0,0,0,0,0,0,0,1,96,11,0,0,0,18,NA,8.72727272727273,NA
"john morris",5,NA,NA,NA,NA,NA,NA,NA,NA,0,0,0,0,0,0,0,0,41,6,0,0,0,17,NA,6.83333333333333,NA
"john rogers",5,NA,NA,NA,NA,NA,NA,NA,NA,0,0,0,0,0,0,0,1,91,7,0,0,0,26,NA,13,NA
"johncarlos miller ii",5,NA,NA,NA,NA,NA,NA,NA,NA,0,0,0,0,0,0,0,0,77,9,0,0,0,17,NA,8.55555555555556,NA
"johnmichael gyllenborg",6,NA,NA,NA,NA,NA,NA,NA,NA,0,0,0,0,0,0,0,1,217,24,0,0,0,24,NA,9.04166666666667,NA
"johnny pascuzzi",6,NA,NA,NA,NA,NA,NA,NA,NA,0,0,0,0,0,0,0,1,150,11,0,0,0,29,NA,13.6363636363636,NA
"jonathan echols",7,NA,NA,NA,NA,NA,NA,NA,NA,0,0,0,0,0,0,0,3,109,9,0,0,0,24,NA,12.1111111111111,NA
"jordan anderson",5,NA,NA,NA,NA,NA,NA,NA,NA,0,0,0,0,0,0,0,0,12,3,1,26,7,6,20,4,3.71428571428571
"jordan andrus",1,NA,NA,NA,NA,NA,NA,NA,NA,0,0,0,0,0,0,0,0,9,1,0,0,0,9,NA,9,NA
"jordan collins",1,NA,NA,NA,NA,NA,NA,NA,NA,0,0,0,0,0,0,0,0,3,1,0,0,0,3,NA,3,NA
"jordan dingle",7,NA,NA,NA,NA,NA,NA,NA,NA,0,0,0,0,0,0,0,0,136,10,0,0,0,33,NA,13.6,NA
"jordan owens",5,NA,NA,NA,NA,NA,NA,NA,NA,0,0,0,0,0,0,0,1,39,6,0,0,0,19,NA,6.5,NA
"jordan washington",6,NA,NA,NA,NA,NA,NA,NA,NA,0,0,0,0,0,0,0,1,109,7,0,0,0,32,NA,15.5714285714286,NA
"jordan williams",7,NA,NA,NA,NA,NA,NA,NA,NA,0,0,0,0,0,0,0,1,170,11,0,0,0,26,NA,15.4545454545455,NA
"jordon harris",3,NA,NA,NA,NA,NA,NA,NA,NA,0,0,0,0,0,0,0,0,35,3,0,0,0,20,NA,11.6666666666667,NA
"joseph bearns iii",6,NA,NA,NA,NA,NA,NA,NA,NA,0,0,0,0,0,0,0,1,44,9,0,0,1,15,0,4.88888888888889,0
"joseph madden",1,NA,NA,NA,NA,NA,NA,NA,NA,0,0,0,0,0,0,0,0,0,0,0,0,0,NA,NA,NA,NA
"joseph marranca",8,NA,NA,NA,NA,NA,NA,NA,NA,0,0,0,0,0,0,0,0,91,11,0,0,0,14,NA,8.27272727272727,NA
"joseph moreland",7,NA,NA,NA,NA,NA,NA,NA,NA,0,0,0,0,0,0,0,0,127,13,0,0,0,25,NA,9.76923076923077,NA
"josh altsman",3,NA,NA,NA,NA,NA,NA,NA,NA,0,0,0,0,0,0,0,1,51,6,0,0,0,20,NA,8.5,NA
"josh beetham",6,NA,NA,NA,NA,NA,NA,NA,NA,0,0,0,0,0,0,0,2,131,5,0,0,0,49,NA,26.2,NA
"josh cuevas",10,NA,NA,NA,NA,NA,NA,NA,NA,0,0,0,0,0,0,0,4,341,30,0,7,1,32,7,11.3666666666667,7
"josh ford",3,NA,NA,NA,NA,NA,NA,NA,NA,0,0,0,0,0,0,0,1,45,3,0,0,0,26,NA,15,NA
"josh gale",5,NA,NA,NA,NA,NA,NA,NA,NA,0,0,0,0,0,0,0,3,160,12,0,0,0,27,NA,13.3333333333333,NA
"josh kattus",8,NA,NA,NA,NA,NA,NA,NA,NA,0,0,0,0,0,0,0,2,195,17,0,0,0,34,NA,11.4705882352941,NA
"josh phifer",3,NA,NA,NA,NA,NA,NA,NA,NA,0,0,0,0,0,0,0,1,38,3,0,0,0,20,NA,12.6666666666667,NA
"josh sapp",9,NA,NA,NA,NA,NA,NA,NA,NA,0,0,0,0,0,0,0,0,140,9,0,0,0,32,NA,15.5555555555556,NA
"josh smith",8,NA,NA,NA,NA,NA,NA,NA,NA,0,0,1,1,0,0,0,2,95,11,0,0,0,21,NA,8.63636363636364,NA
"josh sterzer",6,NA,NA,NA,NA,NA,NA,NA,NA,0,0,0,1,0,0,0,1,56,7,0,0,0,18,NA,8,NA
"joshua burrell",11,NA,NA,NA,NA,NA,NA,NA,NA,0,0,1,1,0,0,0,2,290,36,0,4,1,29,4,8.05555555555556,4
"joshua long",12,NA,NA,NA,NA,NA,NA,NA,NA,0,0,0,0,0,0,0,3,357,37,0,0,0,27,NA,9.64864864864865,NA
"joshua pikl",4,NA,NA,NA,NA,NA,NA,NA,NA,0,0,0,0,0,0,0,1,52,7,0,0,0,13,NA,7.42857142857143,NA
"josiah thomas",9,NA,NA,NA,NA,NA,NA,NA,NA,0,0,0,0,0,0,0,3,228,28,0,0,0,20,NA,8.14285714285714,NA
"jp mikhael",1,NA,NA,NA,NA,NA,NA,NA,NA,0,0,0,0,0,0,0,0,7,2,0,0,0,4,NA,3.5,NA
"judah ezinwa",3,NA,NA,NA,NA,NA,NA,NA,NA,0,0,0,0,0,0,0,0,76,4,0,0,0,33,NA,19,NA
"jude james",8,NA,NA,NA,NA,NA,NA,NA,NA,0,0,0,0,0,0,0,2,81,6,0,0,0,40,NA,13.5,NA
"julian nixon",11,NA,NA,NA,NA,NA,NA,NA,NA,0,0,0,0,0,0,0,1,151,15,1,1,3,24,2,10.0666666666667,0.333333333333333
"julien randolph",2,NA,NA,NA,NA,NA,NA,NA,NA,0,0,0,0,0,0,0,1,77,3,0,0,0,30,NA,25.6666666666667,NA
"justin cayenne",5,NA,NA,NA,NA,NA,NA,NA,NA,0,0,0,0,0,0,0,0,61,7,0,0,0,15,NA,8.71428571428571,NA
"justin erb",4,NA,NA,NA,NA,NA,NA,NA,NA,0,0,0,0,0,0,0,1,18,3,0,0,0,9,NA,6,NA
"justin holmes",10,NA,NA,NA,NA,NA,NA,NA,NA,0,0,0,2,0,0,0,4,201,22,0,0,0,22,NA,9.13636363636364,NA
"justin joly",11,NA,NA,NA,NA,NA,NA,NA,NA,0,0,0,0,0,0,0,7,468,47,0,0,0,59,NA,9.95744680851064,NA
"justin wolf",2,NA,NA,NA,NA,NA,NA,NA,NA,0,0,0,0,0,0,0,0,19,2,0,0,0,16,NA,9.5,NA
"justyn reid",11,NA,NA,NA,NA,NA,NA,NA,NA,0,0,0,0,0,0,0,2,171,16,0,0,0,33,NA,10.6875,NA
"jyrin johnson",12,NA,NA,NA,NA,NA,NA,NA,NA,0,0,0,0,0,0,0,2,466,37,0,0,0,38,NA,12.5945945945946,NA
"ka morreun pimpton",1,NA,NA,NA,NA,NA,NA,NA,NA,0,0,0,0,0,0,0,1,3,1,0,0,0,3,NA,3,NA
"kache kaio",1,NA,NA,NA,NA,NA,NA,NA,NA,0,0,0,0,0,0,0,0,6,1,0,0,0,6,NA,6,NA
"kade eldridge",2,NA,NA,NA,NA,NA,NA,NA,NA,0,0,0,0,0,0,0,0,6,1,1,1,1,6,1,6,1
"kaden eggett",10,NA,NA,NA,NA,NA,NA,NA,NA,0,0,1,1,0,0,0,0,266,24,0,0,0,48,NA,11.0833333333333,NA
"kaden helms",5,NA,NA,NA,NA,NA,NA,NA,NA,0,0,0,0,0,0,0,1,35,5,0,0,0,16,NA,7,NA
"kaden zenzen",1,NA,NA,NA,NA,NA,NA,NA,NA,0,0,0,0,0,0,0,0,9,1,0,0,0,9,NA,9,NA
"kadinn morris",8,NA,NA,NA,NA,NA,NA,NA,NA,0,0,0,0,0,0,0,2,176,14,1,0,0,30,0,12.5714285714286,NA
"kaelan chudzinski",11,NA,NA,NA,NA,NA,NA,NA,NA,0,0,0,0,0,0,0,4,313,24,0,0,0,45,NA,13.0416666666667,NA
"kai rios",1,NA,NA,NA,NA,NA,NA,NA,NA,0,0,0,0,0,0,0,1,1,1,0,0,0,1,NA,1,NA
"kaleb edwards",8,NA,NA,NA,NA,NA,NA,NA,NA,0,0,0,0,0,0,0,1,108,8,0,0,0,30,NA,13.5,NA
"kaleb heatherly",10,NA,NA,NA,NA,NA,NA,NA,NA,0,0,0,0,0,0,0,2,223,17,0,0,0,43,NA,13.1176470588235,NA
"kameron anthony",6,NA,NA,NA,NA,NA,NA,NA,NA,0,0,0,0,0,0,0,2,117,7,0,0,0,40,NA,16.7142857142857,NA
"kamrean johnson",7,NA,NA,NA,NA,NA,NA,NA,NA,0,0,0,1,0,0,0,0,98,9,0,0,0,25,NA,10.8888888888889,NA
"kamron beachem",5,NA,NA,NA,NA,NA,NA,NA,NA,0,0,0,0,0,0,0,0,133,7,0,0,0,64,NA,19,NA
"kanen hamlett",6,NA,NA,NA,NA,NA,NA,NA,NA,0,0,0,0,0,0,0,2,137,12,0,0,0,35,NA,11.4166666666667,NA
"karl peterson",1,NA,NA,NA,NA,NA,NA,NA,NA,0,0,0,0,0,0,0,0,0,0,0,0,0,NA,NA,NA,NA
"kayden stuit",2,NA,NA,NA,NA,NA,NA,NA,NA,0,0,0,0,0,0,0,0,14,3,0,0,0,6,NA,4.66666666666667,NA
"ke untae mosley",8,NA,NA,NA,NA,NA,NA,NA,NA,0,0,0,0,0,0,0,2,120,12,0,0,0,21,NA,10,NA
"kealen juniel",1,NA,NA,NA,NA,NA,NA,NA,NA,0,0,0,0,0,0,0,0,14,1,0,0,0,14,NA,14,NA
"kelsey johnson",3,NA,NA,NA,NA,NA,NA,NA,NA,0,0,0,0,0,0,0,0,33,3,0,0,0,15,NA,11,NA
"kenny fletcher",11,NA,NA,NA,NA,NA,NA,NA,NA,0,0,0,0,0,0,0,0,236,26,0,0,0,39,NA,9.07692307692308,NA
"kenyon sadiq",11,NA,NA,NA,NA,NA,NA,NA,NA,0,0,0,1,0,0,0,8,490,40,0,6,3,30,3,12.25,2
"kevin schaeffer",2,NA,NA,NA,NA,NA,NA,NA,NA,0,0,0,0,0,0,0,2,58,2,0,0,0,31,NA,29,NA
"keyan burnett",2,NA,NA,NA,NA,NA,NA,NA,NA,0,0,0,0,0,0,0,0,11,2,0,0,0,6,NA,5.5,NA
"khalil dinkins",7,NA,NA,NA,NA,NA,NA,NA,NA,0,0,0,0,0,0,0,2,167,14,0,0,0,40,NA,11.9285714285714,NA
"khamari anderson",5,NA,NA,NA,NA,NA,NA,NA,NA,0,0,0,0,0,0,0,0,16,4,0,0,0,8,NA,4,NA
"kheagian heckaman",5,NA,NA,NA,NA,NA,NA,NA,NA,0,0,0,0,0,0,0,2,97,4,0,2,2,57,2,24.25,1
"koby gross",7,NA,NA,NA,NA,NA,NA,NA,NA,0,0,0,1,0,0,0,1,141,10,0,0,0,42,NA,14.1,NA
"koby keenan",6,NA,NA,NA,NA,NA,NA,NA,NA,0,0,0,0,0,0,0,2,128,13,0,0,0,21,NA,9.84615384615385,NA
"kole williams",3,NA,NA,NA,NA,NA,NA,NA,NA,0,0,0,0,0,0,0,0,22,4,0,0,0,9,NA,5.5,NA
"kordell rodgers",8,NA,NA,NA,NA,NA,NA,NA,NA,0,0,0,0,0,0,0,3,172,19,0,0,0,19,NA,9.05263157894737,NA
"kyirin heath",10,NA,NA,NA,NA,NA,NA,NA,NA,0,0,0,0,0,0,0,3,228,19,0,0,0,34,NA,12,NA
"kylan fox",8,NA,NA,NA,NA,NA,NA,NA,NA,0,0,0,0,0,0,0,1,137,16,0,0,0,22,NA,8.5625,NA
"kyle doney",1,NA,NA,NA,NA,NA,NA,NA,NA,0,0,0,0,0,0,0,0,4,1,0,0,0,4,NA,4,NA
"kyle frendt",2,NA,NA,NA,NA,NA,NA,NA,NA,0,0,0,0,0,0,0,0,25,2,0,0,0,13,NA,12.5,NA
"kyle koontz",5,NA,NA,NA,NA,NA,NA,NA,NA,0,0,0,1,0,0,0,1,71,7,0,0,0,16,NA,10.1428571428571,NA
"kyle morgan",5,NA,NA,NA,NA,NA,NA,NA,NA,0,0,0,0,0,0,0,1,47,6,0,0,0,18,NA,7.83333333333333,NA
"lafayette kaiuway",3,NA,NA,NA,NA,NA,NA,NA,NA,0,0,0,0,0,0,0,1,33,3,0,0,0,14,NA,11,NA
"lake mcree",12,NA,NA,NA,NA,NA,NA,NA,NA,0,0,1,1,0,0,0,4,450,30,0,0,0,64,NA,15,NA
"lakota dippre",10,NA,NA,NA,NA,NA,NA,NA,NA,0,0,0,0,0,0,0,3,187,15,0,31,2,36,23,12.4666666666667,15.5
"lance mason",11,NA,NA,NA,NA,NA,NA,NA,NA,0,0,0,0,0,0,0,4,398,30,0,7,1,45,7,13.2666666666667,7
"lance rees",11,NA,NA,NA,NA,NA,NA,NA,NA,0,0,0,0,0,0,0,0,109,16,0,0,0,28,NA,6.8125,NA
"landen king",9,NA,NA,NA,NA,NA,NA,NA,NA,0,0,0,0,0,0,0,4,182,13,0,0,0,33,NA,14,NA
"landen lucas",9,NA,NA,NA,NA,NA,NA,NA,NA,0,0,0,0,0,0,0,0,76,13,0,0,0,15,NA,5.84615384615385,NA
"landen thomas",3,NA,NA,NA,NA,NA,NA,NA,NA,0,0,0,0,0,0,0,2,35,3,0,0,0,25,NA,11.6666666666667,NA
"landon cooper",8,NA,NA,NA,NA,NA,NA,NA,NA,0,0,0,0,0,0,0,2,239,22,0,0,0,64,NA,10.8636363636364,NA
"landon morris",3,NA,NA,NA,NA,NA,NA,NA,NA,0,0,0,0,0,0,0,2,74,6,0,0,0,26,NA,12.3333333333333,NA
"landon strickland",3,NA,NA,NA,NA,NA,NA,NA,NA,0,0,0,0,0,0,0,1,69,6,0,0,0,25,NA,11.5,NA
"lane wadle",6,NA,NA,NA,NA,NA,NA,NA,NA,0,0,1,1,0,0,0,0,92,9,0,0,0,17,NA,10.2222222222222,NA
"lane whisenhunt",1,NA,NA,NA,NA,NA,NA,NA,NA,0,0,0,0,0,0,0,0,0,0,0,0,0,NA,NA,NA,NA
"langston green",8,NA,NA,NA,NA,NA,NA,NA,NA,0,0,0,0,0,0,0,3,96,9,0,0,0,25,NA,10.6666666666667,NA
"lavar lindo",1,NA,NA,NA,NA,NA,NA,NA,NA,0,0,0,0,0,0,0,0,7,1,0,0,0,7,NA,7,NA
"lawson albright",9,NA,NA,NA,NA,NA,NA,NA,NA,0,0,0,0,0,0,0,0,51,7,0,2,5,17,4,7.28571428571429,0.4
"lawson luckie",6,NA,NA,NA,NA,NA,NA,NA,NA,0,0,0,0,0,0,0,4,120,13,0,0,0,29,NA,9.23076923076923,NA
"leon haughton jr",4,NA,NA,NA,NA,NA,NA,NA,NA,0,0,0,0,0,0,0,1,43,4,0,0,0,21,NA,10.75,NA
"levi linowes",8,NA,NA,NA,NA,NA,NA,NA,NA,0,0,0,0,0,0,0,1,239,19,0,0,0,42,NA,12.5789473684211,NA
"levi wilkins",3,NA,NA,NA,NA,NA,NA,NA,NA,0,0,0,0,0,0,0,0,64,4,0,0,0,32,NA,16,NA
"leyton cure",3,NA,NA,NA,NA,NA,NA,NA,NA,0,0,0,0,0,0,0,1,63,4,0,0,0,27,NA,15.75,NA
"linkon cure",4,NA,NA,NA,NA,NA,NA,NA,NA,0,0,0,0,0,0,0,0,37,6,0,0,0,13,NA,6.16666666666667,NA
"lofton howard",3,NA,NA,NA,NA,NA,NA,NA,NA,0,0,0,0,0,0,0,0,10,3,0,0,0,5,NA,3.33333333333333,NA
"logan blake",1,NA,NA,NA,NA,NA,NA,NA,NA,0,0,0,0,0,0,0,0,6,1,0,0,0,6,NA,6,NA
"logan brooking",1,NA,NA,NA,NA,NA,NA,NA,NA,0,0,0,0,0,0,0,1,4,1,0,0,0,4,NA,4,NA
"logan compton",2,NA,NA,NA,NA,NA,NA,NA,NA,0,0,0,0,0,0,0,0,36,4,0,0,0,18,NA,9,NA
"logan kyle",9,NA,NA,NA,NA,NA,NA,NA,NA,0,0,0,0,0,0,0,1,139,12,0,0,0,23,NA,11.5833333333333,NA
"logan lyson",4,NA,NA,NA,NA,NA,NA,NA,NA,0,0,0,0,0,0,0,0,51,6,0,0,0,27,NA,8.5,NA
"logan mauldin",10,NA,NA,NA,NA,NA,NA,NA,NA,0,0,0,0,0,0,0,2,341,26,0,0,0,52,NA,13.1153846153846,NA
"logan reaska",6,NA,NA,NA,NA,NA,NA,NA,NA,0,0,0,0,0,0,0,2,114,10,0,0,0,22,NA,11.4,NA
"lonnie shinn",6,NA,NA,NA,NA,NA,NA,NA,NA,0,0,0,0,0,0,0,0,143,11,0,0,0,31,NA,13,NA
"louis hansen",6,NA,NA,NA,NA,NA,NA,NA,NA,0,0,0,0,0,0,0,0,194,20,0,0,0,19,NA,9.7,NA
"luca puccinelli",1,NA,NA,NA,NA,NA,NA,NA,NA,0,0,0,0,0,0,0,0,24,3,0,0,0,17,NA,8,NA
"lucas hunter",1,NA,NA,NA,NA,NA,NA,NA,NA,0,0,0,0,0,0,0,0,0,0,0,0,0,NA,NA,NA,NA
"luka gilbert",2,NA,NA,NA,NA,NA,NA,NA,NA,0,0,0,0,0,0,0,0,37,2,0,0,0,20,NA,18.5,NA
"lukas ungar",4,NA,NA,NA,NA,NA,NA,NA,NA,0,0,0,0,0,0,0,0,14,3,0,0,0,5,NA,4.66666666666667,NA
"luke bracey",5,NA,NA,NA,NA,NA,NA,NA,NA,0,0,0,0,0,0,0,1,53,8,0,0,0,25,NA,6.625,NA
"luke carter",7,NA,NA,NA,NA,NA,NA,NA,NA,0,0,0,0,0,0,0,0,39,7,0,0,0,11,NA,5.57142857142857,NA
"luke clyburn",7,NA,NA,NA,NA,NA,NA,NA,NA,0,0,0,0,0,0,0,0,88,10,0,0,0,19,NA,8.8,NA
"luke gilbert",2,NA,NA,NA,NA,NA,NA,NA,NA,0,0,0,0,0,0,0,0,0,0,0,0,0,NA,NA,NA,NA
"luke harpring",7,NA,NA,NA,NA,NA,NA,NA,NA,0,0,0,0,0,0,0,0,158,13,0,0,0,27,NA,12.1538461538462,NA
"luke hasz",1,NA,NA,NA,NA,NA,NA,NA,NA,0,0,0,0,0,0,0,0,25,2,0,0,0,16,NA,12.5,NA
"luke lindenmeyer",10,NA,NA,NA,NA,NA,NA,NA,NA,0,0,0,0,0,0,0,2,306,28,0,0,0,26,NA,10.9285714285714,NA
"luke mcgary",2,NA,NA,NA,NA,NA,NA,NA,NA,0,0,0,0,0,0,0,0,13,3,0,0,0,8,NA,4.33333333333333,NA
"luke reynolds",9,NA,NA,NA,NA,NA,NA,NA,NA,0,0,1,1,0,0,0,0,229,24,0,26,2,22,26,9.54166666666667,13
"luke schuler",4,NA,NA,NA,NA,NA,NA,NA,NA,0,0,0,0,0,0,0,2,137,7,0,0,0,37,NA,19.5714285714286,NA
"luke smith",1,NA,NA,NA,NA,NA,NA,NA,NA,0,0,0,0,0,0,0,0,3,1,0,0,0,3,NA,3,NA
"luke voorhees",3,NA,NA,NA,NA,NA,NA,NA,NA,0,0,0,0,0,0,0,0,7,1,0,0,0,7,NA,7,NA
"luvens valcin",2,NA,NA,NA,NA,NA,NA,NA,NA,0,0,0,0,0,0,0,0,35,3,0,0,0,19,NA,11.6666666666667,NA
"maddox lassiter",5,NA,NA,NA,NA,NA,NA,NA,NA,0,0,0,0,0,0,0,0,2,1,0,1,1,2,1,2,1
"magnus von saldern",1,NA,NA,NA,NA,NA,NA,NA,NA,0,0,0,0,0,0,0,1,1,1,0,0,0,1,NA,1,NA
"maika heck",4,NA,NA,NA,NA,NA,NA,NA,NA,0,0,0,0,0,0,0,0,55,6,0,0,0,19,NA,9.16666666666667,NA
"malachi thomas",8,NA,NA,NA,NA,NA,NA,NA,NA,0,0,0,0,0,0,0,2,156,11,0,0,0,34,NA,14.1818181818182,NA
"malik simmons",5,NA,NA,NA,NA,NA,NA,NA,NA,0,0,0,0,0,0,0,4,128,10,0,0,0,33,NA,12.8,NA
"manny adebi",2,NA,NA,NA,NA,NA,NA,NA,NA,0,0,0,0,0,0,0,0,7,1,0,0,0,7,NA,7,NA
"manny thompson",2,NA,NA,NA,NA,NA,NA,NA,NA,0,0,0,0,0,0,0,2,23,2,0,0,0,13,NA,11.5,NA
"marcus middleton",8,NA,NA,NA,NA,NA,NA,NA,NA,0,0,0,0,0,0,0,0,149,13,0,0,0,25,NA,11.4615384615385,NA
"marcus velez",4,NA,NA,NA,NA,NA,NA,NA,NA,0,0,0,0,0,0,0,0,40,6,0,0,0,19,NA,6.66666666666667,NA
"mariano birdno",3,NA,NA,NA,NA,NA,NA,NA,NA,0,0,0,0,0,0,0,1,76,5,0,4,1,27,4,15.2,4
"mark schoonmaker",1,NA,NA,NA,NA,NA,NA,NA,NA,0,0,0,0,0,0,0,0,0,0,0,0,0,NA,NA,NA,NA
"markeston douglas",1,NA,NA,NA,NA,NA,NA,NA,NA,0,0,0,0,0,0,0,0,24,2,0,0,0,13,NA,12,NA
"marlin klein",10,NA,NA,NA,NA,NA,NA,NA,NA,0,0,0,0,0,0,0,1,209,20,0,0,0,27,NA,10.45,NA
"marshall pritchett",2,NA,NA,NA,NA,NA,NA,NA,NA,0,0,0,0,0,0,0,0,45,6,0,0,0,11,NA,7.5,NA
"martavious collins",2,NA,NA,NA,NA,NA,NA,NA,NA,0,0,0,0,0,0,0,0,19,3,0,0,0,11,NA,6.33333333333333,NA
"marvin landy",1,NA,NA,NA,NA,NA,NA,NA,NA,0,0,0,0,0,0,0,0,15,1,0,0,0,15,NA,15,NA
"mason andrade",1,NA,NA,NA,NA,NA,NA,NA,NA,0,0,0,0,0,0,0,0,0,0,0,4,1,NA,4,NA,4
"mason cowgill",2,NA,NA,NA,NA,NA,NA,NA,NA,0,0,0,0,0,0,0,0,3,1,0,0,0,3,NA,3,NA
"mason graham",5,NA,NA,NA,NA,NA,NA,NA,NA,0,0,1,1,0,0,0,0,30,5,0,0,0,13,NA,6,NA
"mason mcsweeney",2,NA,NA,NA,NA,NA,NA,NA,NA,0,0,0,0,0,0,0,0,11,2,0,0,0,6,NA,5.5,NA
"mason mini",10,NA,NA,NA,NA,NA,NA,NA,NA,0,0,0,0,0,0,0,4,387,35,0,0,1,51,0,11.0571428571429,0
"mason mozo",4,NA,NA,NA,NA,NA,NA,NA,NA,0,0,0,0,0,0,0,1,26,4,0,0,0,9,NA,6.5,NA
"mason south",6,NA,NA,NA,NA,NA,NA,NA,NA,0,0,0,0,0,0,0,0,56,6,0,0,0,18,NA,9.33333333333333,NA
"mason thueson",1,NA,NA,NA,NA,NA,NA,NA,NA,0,0,0,0,0,0,0,0,19,2,0,0,0,18,NA,9.5,NA
"mason williams",12,NA,NA,NA,NA,NA,NA,NA,NA,0,0,0,0,0,0,0,3,273,25,0,0,0,30,NA,10.92,NA
"matt adcock",9,NA,NA,NA,NA,NA,NA,NA,NA,0,0,0,0,0,0,0,3,70,12,0,0,0,10,NA,5.83333333333333,NA
"matt buron",2,NA,NA,NA,NA,NA,NA,NA,NA,0,0,0,0,0,0,0,0,77,4,0,0,0,56,NA,19.25,NA
"matt byrnes",1,NA,NA,NA,NA,NA,NA,NA,NA,0,0,0,0,0,0,0,0,24,1,0,0,0,24,NA,24,NA
"matt flanders",7,NA,NA,NA,NA,NA,NA,NA,NA,0,0,0,1,0,0,0,0,92,15,0,0,0,15,NA,6.13333333333333,NA
"matt gallehdari",1,NA,NA,NA,NA,NA,NA,NA,NA,0,0,0,0,0,0,0,0,31,1,0,0,0,31,NA,31,NA
"matt gower",3,NA,NA,NA,NA,NA,NA,NA,NA,0,0,0,0,0,0,0,0,8,3,0,0,0,6,NA,2.66666666666667,NA
"matt lauter",10,NA,NA,NA,NA,NA,NA,NA,NA,0,0,0,0,0,0,0,1,286,30,0,0,0,20,NA,9.53333333333333,NA
"matt lowe",5,NA,NA,NA,NA,NA,NA,NA,NA,0,0,0,0,0,0,0,1,46,6,0,0,0,22,NA,7.66666666666667,NA
"matt smith",2,NA,NA,NA,NA,NA,NA,NA,NA,0,0,0,0,0,0,0,1,13,3,0,0,0,7,NA,4.33333333333333,NA
"matt wagner",11,NA,NA,NA,NA,NA,NA,NA,NA,0,0,0,0,0,0,0,1,234,21,0,0,0,28,NA,11.1428571428571,NA
"matthew hibner",10,NA,NA,NA,NA,NA,NA,NA,NA,0,0,0,0,0,0,0,4,351,29,0,0,0,37,NA,12.1034482758621,NA
"matthew klopfenstein",5,NA,NA,NA,NA,NA,NA,NA,NA,0,0,0,0,0,0,0,1,73,8,0,0,0,20,NA,9.125,NA
"matthew lusardi",2,NA,NA,NA,NA,NA,NA,NA,NA,0,0,0,0,0,0,0,0,0,0,0,0,0,NA,NA,NA,NA
"matthew ogunniyi",1,NA,NA,NA,NA,NA,NA,NA,NA,0,0,0,0,0,0,0,0,3,1,0,0,0,3,NA,3,NA
"matty weir",1,NA,NA,NA,NA,NA,NA,NA,NA,0,0,0,0,0,0,0,0,0,0,0,0,0,NA,NA,NA,NA
"maurice brown ii",3,NA,NA,NA,NA,NA,NA,NA,NA,0,1,0,0,0,0,0,0,24,2,0,0,0,14,NA,12,NA
"max bredeson",2,NA,NA,NA,NA,NA,NA,NA,NA,0,0,0,0,0,0,0,0,11,2,0,0,0,7,NA,5.5,NA
"max carter",1,NA,NA,NA,NA,NA,NA,NA,NA,0,0,0,0,0,0,0,0,18,1,0,0,0,18,NA,18,NA
"max dowling",10,NA,NA,NA,NA,NA,NA,NA,NA,0,0,0,0,0,0,0,3,199,20,0,0,0,77,NA,9.95,NA
"max drag",4,NA,NA,NA,NA,NA,NA,NA,NA,0,0,0,0,0,0,0,0,19,3,0,0,0,11,NA,6.33333333333333,NA
"max klare",12,NA,NA,NA,NA,NA,NA,NA,NA,0,0,0,1,0,0,0,2,420,41,0,0,0,39,NA,10.2439024390244,NA
"max lopacienski",4,NA,NA,NA,NA,NA,NA,NA,NA,0,0,0,0,0,0,0,0,52,3,0,0,0,34,NA,17.3333333333333,NA
"max mccormick",3,NA,NA,NA,NA,NA,NA,NA,NA,0,0,0,0,0,0,0,0,10,3,0,0,0,6,NA,3.33333333333333,NA
"max reese",1,NA,NA,NA,NA,NA,NA,NA,NA,0,0,0,0,0,0,0,0,1,2,0,0,0,5,NA,0.5,NA
"max whisner",3,NA,NA,NA,NA,NA,NA,NA,NA,0,0,0,0,0,0,0,1,36,4,0,0,0,23,NA,9,NA
"max ziebarth",1,NA,NA,NA,NA,NA,NA,NA,NA,0,0,0,0,0,0,0,1,2,1,0,0,0,2,NA,2,NA
"maximus nosler",3,NA,NA,NA,NA,NA,NA,NA,NA,0,0,1,1,0,0,0,0,0,0,0,0,0,NA,NA,NA,NA
"maximus webster",6,NA,NA,NA,NA,NA,NA,NA,NA,0,1,0,0,0,0,0,0,37,4,0,26,1,19,26,9.25,26
"micah barnett",2,NA,NA,NA,NA,NA,NA,NA,NA,0,0,0,0,0,0,0,0,33,2,0,0,0,28,NA,16.5,NA
"micah riley ducker",1,NA,NA,NA,NA,NA,NA,NA,NA,0,0,0,1,0,0,0,0,0,0,0,0,0,NA,NA,NA,NA
"michael brescia",7,NA,NA,NA,NA,NA,NA,NA,NA,0,0,0,0,0,0,0,2,65,9,1,-3,3,19,2,7.22222222222222,-1
"michael hegarty",5,NA,NA,NA,NA,NA,NA,NA,NA,0,0,0,0,0,0,0,0,49,7,0,0,0,14,NA,7,NA
"michael kirch",7,NA,NA,NA,NA,NA,NA,NA,NA,0,0,0,0,0,0,0,3,159,15,0,0,0,41,NA,10.6,NA
"michael masunas",10,NA,NA,NA,NA,NA,NA,NA,NA,0,0,0,0,0,0,0,3,232,19,0,0,0,28,NA,12.2105263157895,NA
"michael otterstedt",3,NA,NA,NA,NA,NA,NA,NA,NA,0,0,0,0,0,0,0,0,50,2,0,0,0,36,NA,25,NA
"michael smith",2,NA,NA,NA,NA,NA,NA,NA,NA,0,0,0,0,0,0,0,0,20,2,0,0,0,13,NA,10,NA
"michael stevenson",1,NA,NA,NA,NA,NA,NA,NA,NA,0,0,0,0,0,0,0,1,2,1,0,0,0,2,NA,2,NA
"michael trigg",11,NA,NA,NA,NA,NA,NA,NA,NA,0,0,0,0,0,0,0,6,694,50,0,0,0,42,NA,13.88,NA
"micheal manna",3,NA,NA,NA,NA,NA,NA,NA,NA,0,0,0,0,0,0,0,0,30,5,0,0,0,11,NA,6,NA
"mike darcy",4,NA,NA,NA,NA,NA,NA,NA,NA,0,0,0,0,0,0,0,0,78,9,0,0,0,19,NA,8.66666666666667,NA
"mike tyler",1,NA,NA,NA,NA,NA,NA,NA,NA,0,0,0,0,0,0,0,0,13,1,0,0,0,13,NA,13,NA
"miles campbell",10,NA,NA,NA,NA,NA,NA,NA,NA,0,0,0,0,0,0,0,2,305,21,0,0,0,52,NA,14.5238095238095,NA
"miles kitselman",10,NA,NA,NA,NA,NA,NA,NA,NA,0,0,0,0,0,0,0,2,250,25,0,2,1,23,2,10,2
"miles marshall",5,NA,NA,NA,NA,NA,NA,NA,NA,0,0,0,0,0,0,0,2,55,5,0,0,0,22,NA,11,NA
"miller mccrumby",8,NA,NA,NA,NA,NA,NA,NA,NA,0,0,0,0,0,0,0,0,128,15,0,0,0,32,NA,8.53333333333333,NA
"mitch bolden",4,NA,NA,NA,NA,NA,NA,NA,NA,0,0,0,0,0,0,0,0,0,0,0,0,0,NA,NA,NA,NA
"mitchell dixon",8,NA,NA,NA,NA,NA,NA,NA,NA,0,0,0,1,0,0,0,2,191,17,0,0,0,31,NA,11.2352941176471,NA
"montrell martin",2,NA,NA,NA,NA,NA,NA,NA,NA,0,0,0,0,0,0,0,0,5,2,0,0,0,5,NA,2.5,NA
"montrell walker",6,NA,NA,NA,NA,NA,NA,NA,NA,0,1,0,0,0,0,0,1,154,10,0,0,0,41,NA,15.4,NA
"morgan mcphaul",9,NA,NA,NA,NA,NA,NA,NA,NA,0,0,1,1,0,0,0,1,174,15,0,0,0,73,NA,11.6,NA
"morgan sampson",4,NA,NA,NA,NA,NA,NA,NA,NA,0,0,0,0,0,0,0,0,16,4,0,0,0,6,NA,4,NA
"myles morales",6,NA,NA,NA,NA,NA,NA,NA,NA,0,0,0,0,0,0,0,1,159,13,0,0,0,28,NA,12.2307692307692,NA
"nader chirchi",4,NA,NA,NA,NA,NA,NA,NA,NA,0,0,0,0,0,0,0,0,45,3,0,0,0,23,NA,15,NA
"nason coleman",3,NA,NA,NA,NA,NA,NA,NA,NA,0,0,0,0,0,0,0,1,7,2,0,0,0,4,NA,3.5,NA
"nate boerkircher",10,NA,NA,NA,NA,NA,NA,NA,NA,0,0,0,0,0,0,0,3,171,18,1,5,3,28,3,9.5,1.66666666666667
"nate kurisky",10,NA,NA,NA,NA,NA,NA,NA,NA,0,0,0,0,0,0,0,2,157,20,0,0,0,37,NA,7.85,NA
"nate roberts",3,NA,NA,NA,NA,NA,NA,NA,NA,0,0,0,0,0,0,0,0,30,4,0,1,2,15,1,7.5,0.5
"nate sullivan jr",7,NA,NA,NA,NA,NA,NA,NA,NA,0,0,0,0,0,0,0,0,48,6,0,0,0,14,NA,8,NA
"nathan hromadka",5,NA,NA,NA,NA,NA,NA,NA,NA,0,0,0,0,0,0,0,3,84,8,0,0,0,21,NA,10.5,NA
"nathan jones",2,NA,NA,NA,NA,NA,NA,NA,NA,0,0,0,0,0,0,0,0,4,1,0,0,0,4,NA,4,NA
"nathan levicki",12,NA,NA,NA,NA,NA,NA,NA,NA,0,0,0,0,0,0,0,6,478,33,3,15,5,75,9,14.4848484848485,3
"nathan lhotsky",3,NA,NA,NA,NA,NA,NA,NA,NA,0,0,0,0,0,0,0,0,44,5,0,0,0,14,NA,8.8,NA
"nathan schillinger",5,NA,NA,NA,NA,NA,NA,NA,NA,0,0,0,0,0,0,0,0,85,10,0,0,0,18,NA,8.5,NA
"nathan vantimmeren",1,NA,NA,NA,NA,NA,NA,NA,NA,0,0,0,0,0,0,0,0,7,1,0,0,0,7,NA,7,NA
"nathanial clark",3,NA,NA,NA,NA,NA,NA,NA,NA,0,0,0,0,0,0,0,0,26,3,0,0,0,12,NA,8.66666666666667,NA
"nathaniel eberly rodriguez",4,NA,NA,NA,NA,NA,NA,NA,NA,0,0,0,0,0,0,0,1,51,5,0,0,0,28,NA,10.2,NA
"nebanye moore",7,NA,NA,NA,NA,NA,NA,NA,NA,0,0,1,1,0,0,0,0,248,24,0,0,0,41,NA,10.3333333333333,NA
"nic sani",1,NA,NA,NA,NA,NA,NA,NA,NA,0,0,0,0,0,0,0,0,24,2,0,0,0,19,NA,12,NA
"nick elksnis",7,NA,NA,NA,NA,NA,NA,NA,NA,0,1,0,0,0,0,0,2,100,9,0,0,0,23,NA,11.1111111111111,NA
"nick harris",1,NA,NA,NA,NA,NA,NA,NA,NA,0,0,0,0,0,0,0,0,12,1,0,0,0,12,NA,12,NA
"nick petrillo",1,NA,NA,NA,NA,NA,NA,NA,NA,0,0,0,0,0,0,0,0,0,0,0,0,0,NA,NA,NA,NA
"nick townsend",3,NA,NA,NA,NA,NA,NA,NA,NA,0,0,0,0,0,0,0,0,0,1,1,2,1,0,2,0,2
"nick true",1,NA,NA,NA,NA,NA,NA,NA,NA,0,0,0,0,0,0,0,1,3,1,0,0,0,3,NA,3,NA
"noah bennee",10,NA,NA,NA,NA,NA,NA,NA,NA,0,0,0,0,0,0,0,0,264,23,0,0,0,30,NA,11.4782608695652,NA
"noah braham",2,NA,NA,NA,NA,NA,NA,NA,NA,0,0,0,0,0,0,0,0,0,0,0,0,0,NA,NA,NA,NA
"noah canty",4,NA,NA,NA,NA,NA,NA,NA,NA,0,0,0,0,0,0,0,0,72,6,0,0,0,40,NA,12,NA
"noah fox flores",1,NA,NA,NA,NA,NA,NA,NA,NA,0,0,0,0,0,0,0,1,4,1,0,0,0,4,NA,4,NA
"noah meyers",9,NA,NA,NA,NA,NA,NA,NA,NA,0,0,0,0,0,0,0,3,292,30,0,0,0,39,NA,9.73333333333333,NA
"noah moeaki",2,NA,NA,NA,NA,NA,NA,NA,NA,0,0,0,0,0,0,0,1,16,2,0,0,0,11,NA,8,NA
"nolan albright",3,NA,NA,NA,NA,NA,NA,NA,NA,0,0,0,0,0,0,0,0,30,3,0,0,0,18,NA,10,NA
"nolan clayton",2,NA,NA,NA,NA,NA,NA,NA,NA,0,0,0,0,0,0,0,0,33,3,0,0,0,25,NA,11,NA
"nolan reed",8,NA,NA,NA,NA,NA,NA,NA,NA,0,0,0,0,0,0,0,0,66,11,0,0,0,18,NA,6,NA
"olsen patt henry",9,NA,NA,NA,NA,NA,NA,NA,NA,0,0,0,0,0,0,0,0,126,16,0,0,0,25,NA,7.875,NA
"oscar delp",8,NA,NA,NA,NA,NA,NA,NA,NA,0,0,0,0,0,0,0,1,235,17,0,0,0,36,NA,13.8235294117647,NA
"otto tia",2,NA,NA,NA,NA,NA,NA,NA,NA,0,0,0,0,0,0,0,0,38,2,0,0,0,32,NA,19,NA
"owen anderson",3,NA,NA,NA,NA,NA,NA,NA,NA,0,0,0,0,0,0,0,1,31,3,0,0,0,12,NA,10.3333333333333,NA
"parker poloskey",3,NA,NA,NA,NA,NA,NA,NA,NA,0,0,0,0,0,0,0,1,54,4,0,0,0,26,NA,13.5,NA
"patrick gurd",4,NA,NA,NA,NA,NA,NA,NA,NA,0,0,0,0,0,0,0,0,23,2,0,0,0,17,NA,11.5,NA
"patrick overmyer",12,NA,NA,NA,NA,NA,NA,NA,NA,0,0,0,0,0,0,0,4,294,25,1,21,18,45,2,11.76,1.16666666666667
"patrick wagner",11,NA,NA,NA,NA,NA,NA,NA,NA,0,0,0,0,0,0,0,3,390,27,0,0,0,72,NA,14.4444444444444,NA
"paul hartman",1,NA,NA,NA,NA,NA,NA,NA,NA,0,0,0,0,0,0,0,0,0,0,0,-3,1,NA,0,NA,-3
"pax hughes",2,NA,NA,NA,NA,NA,NA,NA,NA,0,0,0,0,0,0,0,0,28,5,0,0,0,11,NA,5.6,NA
"pearson baldwin",12,NA,NA,NA,NA,NA,NA,NA,NA,0,0,0,0,0,0,0,2,292,25,0,0,0,52,NA,11.68,NA
"peter clarke",11,NA,NA,NA,NA,NA,NA,NA,NA,0,0,0,0,0,0,0,6,483,30,0,0,0,50,NA,16.1,NA
"peter cleary",10,NA,NA,NA,NA,NA,NA,NA,NA,0,0,0,0,0,0,0,1,322,24,0,0,0,61,NA,13.4166666666667,NA
"peyton faulkner",4,NA,NA,NA,NA,NA,NA,NA,NA,0,0,0,0,0,0,0,0,34,6,0,0,0,9,NA,5.66666666666667,NA
"peyton smith",7,NA,NA,NA,NA,NA,NA,NA,NA,0,0,0,0,0,0,0,0,151,20,0,0,0,24,NA,7.55,NA
"peyton strickland",11,NA,NA,NA,NA,NA,NA,NA,NA,0,0,0,0,0,0,0,4,226,24,0,0,0,65,NA,9.41666666666667,NA
"pierce walsh",2,NA,NA,NA,NA,NA,NA,NA,NA,0,0,0,0,0,0,0,0,17,2,0,0,0,10,NA,8.5,NA
"preston douglas",2,NA,NA,NA,NA,NA,NA,NA,NA,0,0,0,0,0,0,0,0,0,0,0,2,1,NA,2,NA,2
"preston howard",7,NA,NA,NA,NA,NA,NA,NA,NA,0,0,0,0,0,0,0,0,84,10,0,0,0,19,NA,8.4,NA
"preston kilgore",6,NA,NA,NA,NA,NA,NA,NA,NA,0,0,0,0,0,0,0,0,48,7,0,0,0,16,NA,6.85714285714286,NA
"preston ross",1,NA,NA,NA,NA,NA,NA,NA,NA,0,0,0,0,0,0,0,0,0,1,0,0,0,0,NA,0,NA
"quentin moore",4,NA,NA,NA,NA,NA,NA,NA,NA,0,0,0,0,0,0,0,0,51,4,0,0,0,19,NA,12.75,NA
"quinton stewart",4,NA,NA,NA,NA,NA,NA,NA,NA,0,0,0,0,0,0,0,0,62,4,0,2,1,30,2,15.5,2
"r j maryland",12,NA,NA,NA,NA,NA,NA,NA,NA,0,0,0,0,0,0,0,2,322,27,0,0,0,49,NA,11.9259259259259,NA
"randy pittman",9,NA,NA,NA,NA,NA,NA,NA,NA,0,0,0,0,0,0,0,2,208,23,3,37,7,35,14,9.04347826086956,5.28571428571429
"rayfield lotten",3,NA,NA,NA,NA,NA,NA,NA,NA,0,0,0,0,0,0,0,0,54,3,0,0,0,36,NA,18,NA
"reece adkins",6,NA,NA,NA,NA,NA,NA,NA,NA,0,0,0,0,0,0,0,1,133,9,0,0,0,51,NA,14.7777777777778,NA
"reece wilder",1,NA,NA,NA,NA,NA,NA,NA,NA,0,0,0,0,0,0,0,0,4,1,0,0,0,4,NA,4,NA
"reed boyd",3,NA,NA,NA,NA,NA,NA,NA,NA,0,0,0,0,0,0,0,1,60,5,0,0,0,30,NA,12,NA
"reese brooks",1,NA,NA,NA,NA,NA,NA,NA,NA,0,0,0,0,0,0,0,0,17,1,0,0,0,17,NA,17,NA
"reese clark",7,NA,NA,NA,NA,NA,NA,NA,NA,0,0,0,0,0,0,0,1,125,10,0,0,0,22,NA,12.5,NA
"reid mikeska",1,NA,NA,NA,NA,NA,NA,NA,NA,0,0,0,0,0,0,0,0,3,1,0,0,0,3,NA,3,NA
"reis kessel",11,NA,NA,NA,NA,NA,NA,NA,NA,0,0,0,0,0,0,0,1,335,15,0,0,0,50,NA,22.3333333333333,NA
"richard ransom",10,NA,NA,NA,NA,NA,NA,NA,NA,0,0,0,0,0,0,0,2,261,19,0,-1,1,27,0,13.7368421052632,-1
"richie anderson",9,NA,NA,NA,NA,NA,NA,NA,NA,0,0,0,0,0,0,0,2,273,29,0,0,0,24,NA,9.41379310344828,NA
"rico walker",5,NA,NA,NA,NA,NA,NA,NA,NA,0,0,0,0,0,0,0,0,100,9,0,0,0,30,NA,11.1111111111111,NA
"riley engelhard",2,NA,NA,NA,NA,NA,NA,NA,NA,0,0,0,0,0,0,0,1,21,2,0,0,0,17,NA,10.5,NA
"riley nowakowski",10,NA,NA,NA,NA,NA,NA,NA,NA,0,0,0,0,0,0,0,2,296,23,1,1,1,43,1,12.8695652173913,1
"riley williams",1,NA,NA,NA,NA,NA,NA,NA,NA,0,0,0,0,0,0,0,0,15,1,0,0,0,15,NA,15,NA
"river helms",1,NA,NA,NA,NA,NA,NA,NA,NA,0,0,0,0,0,0,0,1,4,1,0,0,0,4,NA,4,NA
"robby preckel",6,NA,NA,NA,NA,NA,NA,NA,NA,0,0,1,1,0,0,0,0,4,1,0,131,34,4,14,4,3.85294117647059
"rocco ciocca",4,NA,NA,NA,NA,NA,NA,NA,NA,0,0,0,0,0,0,0,0,48,7,0,0,0,17,NA,6.85714285714286,NA
"rocky beers",9,NA,NA,NA,NA,NA,NA,NA,NA,0,0,0,0,0,0,0,7,388,31,0,0,0,48,NA,12.5161290322581,NA
"rocky lencioni",9,NA,NA,NA,NA,NA,NA,NA,NA,0,0,0,0,0,0,0,5,118,13,0,0,0,24,NA,9.07692307692308,NA
"rod gibbs",4,NA,NA,NA,NA,NA,NA,NA,NA,0,0,0,0,0,0,0,1,52,6,0,0,0,15,NA,8.66666666666667,NA
"roger saleapaga",3,NA,NA,NA,NA,NA,NA,NA,NA,0,0,0,0,0,0,0,0,25,2,0,0,1,18,0,12.5,0
"rohan jones",10,NA,NA,NA,NA,NA,NA,NA,NA,0,0,0,0,0,0,0,4,519,19,1,10,2,62,5,27.3157894736842,5
"ryan brotherton",1,NA,NA,NA,NA,NA,NA,NA,NA,0,0,0,0,0,0,0,0,0,0,0,0,0,NA,NA,NA,NA
"ryan ghea",2,NA,NA,NA,NA,NA,NA,NA,NA,0,0,1,1,0,0,0,0,20,2,0,0,0,13,NA,10,NA
"ryan mcconnell",2,NA,NA,NA,NA,NA,NA,NA,NA,0,0,0,0,0,0,0,0,22,2,0,0,0,16,NA,11,NA
"ryan osborne",4,NA,NA,NA,NA,NA,NA,NA,NA,0,0,0,0,0,0,0,3,229,10,0,0,0,82,NA,22.9,NA
"ryan schwendeman",6,NA,NA,NA,NA,NA,NA,NA,NA,0,0,0,0,0,0,0,2,191,15,0,0,0,49,NA,12.7333333333333,NA
"ryan turley",1,NA,NA,NA,NA,NA,NA,NA,NA,0,0,0,1,0,0,0,0,0,0,0,0,0,NA,NA,NA,NA
"ryan tyler",3,NA,NA,NA,NA,NA,NA,NA,NA,0,0,1,1,0,0,0,0,0,0,1,6,3,NA,5,NA,2
"ryan ward",6,NA,NA,NA,NA,NA,NA,NA,NA,0,0,0,0,0,0,0,1,41,6,0,0,0,16,NA,6.83333333333333,NA
"ryan wolfer",2,NA,NA,NA,NA,NA,NA,NA,NA,0,0,0,0,0,0,0,0,37,2,0,0,0,19,NA,18.5,NA
"ryder kurtz",10,NA,NA,NA,NA,NA,NA,NA,NA,0,0,0,0,0,0,0,4,514,43,0,0,0,31,NA,11.953488372093,NA
"ryder kusch",9,NA,NA,NA,NA,NA,NA,NA,NA,0,0,0,0,0,0,0,3,60,13,0,0,0,19,NA,4.61538461538461,NA
"rylan green",6,NA,NA,NA,NA,NA,NA,NA,NA,0,0,0,0,0,0,0,1,50,4,0,0,0,23,NA,12.5,NA
"rylan schlepp",6,NA,NA,NA,NA,NA,NA,NA,NA,0,0,0,0,0,0,0,0,43,8,0,0,0,15,NA,5.375,NA
"sage ennis",9,NA,NA,NA,NA,NA,NA,NA,NA,0,0,0,1,0,0,0,5,179,18,0,0,0,25,NA,9.94444444444444,NA
"sam albee",6,NA,NA,NA,NA,NA,NA,NA,NA,0,0,1,1,0,0,0,2,131,9,0,0,0,64,NA,14.5555555555556,NA
"sam lee",2,NA,NA,NA,NA,NA,NA,NA,NA,0,0,0,0,0,0,0,0,40,2,0,0,0,20,NA,20,NA
"sam olson",7,NA,NA,NA,NA,NA,NA,NA,NA,0,0,0,0,0,0,0,2,103,14,0,0,0,16,NA,7.35714285714286,NA
"sam roush",11,NA,NA,NA,NA,NA,NA,NA,NA,0,0,0,1,0,0,0,2,545,49,0,0,0,69,NA,11.1224489795918,NA
"sam west",4,NA,NA,NA,NA,NA,NA,NA,NA,0,0,0,0,0,0,0,1,35,4,0,15,1,13,15,8.75,15
"samuel cornett",2,NA,NA,NA,NA,NA,NA,NA,NA,0,0,0,1,0,0,0,0,0,4,0,0,0,6,NA,0,NA
"saul diaz",1,NA,NA,NA,NA,NA,NA,NA,NA,0,0,0,0,0,0,0,0,7,1,0,0,0,7,NA,7,NA
"sawyer burt",1,NA,NA,NA,NA,NA,NA,NA,NA,0,0,0,0,0,0,0,0,0,1,0,0,0,0,NA,0,NA
"scott moore",4,NA,NA,NA,NA,NA,NA,NA,NA,0,0,0,0,0,0,0,1,46,6,0,0,0,20,NA,7.66666666666667,NA
"scott raymond",7,NA,NA,NA,NA,NA,NA,NA,NA,0,0,0,0,0,0,0,0,104,12,0,5,1,21,5,8.66666666666667,5
"seamus gilmartin",8,NA,NA,NA,NA,NA,NA,NA,NA,0,0,0,0,0,0,0,5,366,28,0,0,0,34,NA,13.0714285714286,NA
"sean brodnik",1,NA,NA,NA,NA,NA,NA,NA,NA,0,0,0,0,0,0,0,1,4,1,0,0,0,4,NA,4,NA
"sean clarke",2,NA,NA,NA,NA,NA,NA,NA,NA,0,0,0,0,0,0,0,0,42,6,0,0,0,20,NA,7,NA
"sean mcelwain",5,NA,NA,NA,NA,NA,NA,NA,NA,0,0,0,0,0,0,0,3,186,12,0,0,0,40,NA,15.5,NA
"sean o brien",10,NA,NA,NA,NA,NA,NA,NA,NA,0,0,0,0,0,0,0,1,99,15,0,0,0,19,NA,6.6,NA
"sean ward",1,NA,NA,NA,NA,NA,NA,NA,NA,0,0,0,0,0,0,0,0,9,1,0,0,0,9,NA,9,NA
"sean welde",1,NA,NA,NA,NA,NA,NA,NA,NA,0,0,0,0,0,0,0,0,6,1,0,0,0,6,NA,6,NA
"seth adams",3,NA,NA,NA,NA,NA,NA,NA,NA,0,0,0,0,0,0,0,0,33,3,0,0,0,16,NA,11,NA
"seydou traore",10,NA,NA,NA,NA,NA,NA,NA,NA,0,0,0,0,0,0,0,5,361,34,0,0,0,55,NA,10.6176470588235,NA
"shamar easter",2,NA,NA,NA,NA,NA,NA,NA,NA,0,0,1,1,0,0,0,0,17,2,0,0,0,15,NA,8.5,NA
"si stovall",1,NA,NA,NA,NA,NA,NA,NA,NA,0,0,0,0,0,0,0,0,0,0,0,0,0,NA,NA,NA,NA
"simon mapa",3,NA,NA,NA,NA,NA,NA,NA,NA,0,0,0,0,0,0,0,2,42,3,0,0,0,22,NA,14,NA
"spencer mermans",1,NA,NA,NA,NA,NA,NA,NA,NA,0,0,0,0,0,0,0,1,4,1,0,0,0,4,NA,4,NA
"steve brown",3,NA,NA,NA,NA,NA,NA,NA,NA,0,0,0,0,0,0,0,0,33,3,0,0,0,26,NA,11,NA
"steven gorski",1,NA,NA,NA,NA,NA,NA,NA,NA,0,0,0,0,0,0,0,0,0,0,0,0,0,NA,NA,NA,NA
"steven mahar jr",4,NA,NA,NA,NA,NA,NA,NA,NA,0,0,0,0,0,0,0,2,107,8,0,0,0,35,NA,13.375,NA
"stone eby",2,NA,NA,NA,NA,NA,NA,NA,NA,0,0,0,0,0,0,0,0,0,0,0,0,0,NA,NA,NA,NA
"taharin sudderth",5,NA,NA,NA,NA,NA,NA,NA,NA,0,0,0,0,0,0,0,1,56,5,0,0,1,17,0,11.2,0
"tahmir ellis",1,NA,NA,NA,NA,NA,NA,NA,NA,0,0,0,0,0,0,1,1,24,2,0,0,0,24,NA,12,NA
"tanner arkin",7,NA,NA,NA,NA,NA,NA,NA,NA,0,0,0,0,0,0,0,2,91,11,0,0,0,28,NA,8.27272727272727,NA
"tanner koziol",12,NA,NA,NA,NA,NA,NA,NA,NA,0,0,0,0,0,0,0,5,651,65,0,0,0,50,NA,10.0153846153846,NA
"tanner lemaster",4,NA,NA,NA,NA,NA,NA,NA,NA,0,0,0,0,0,0,0,0,69,5,0,0,0,33,NA,13.8,NA
"tate hoover",3,NA,NA,NA,NA,NA,NA,NA,NA,0,0,0,0,0,0,0,0,9,1,0,0,0,9,NA,9,NA
"taysire williams",1,NA,NA,NA,NA,NA,NA,NA,NA,0,0,0,0,0,0,0,0,21,1,0,0,0,21,NA,21,NA
"tayvion galloway",2,NA,NA,NA,NA,NA,NA,NA,NA,0,0,0,0,0,0,0,0,22,2,0,0,0,20,NA,11,NA
"terik mulder",9,NA,NA,NA,NA,NA,NA,NA,NA,0,0,0,0,0,0,0,4,198,19,0,0,0,50,NA,10.4210526315789,NA
"terrance carter",10,NA,NA,NA,NA,NA,NA,NA,NA,0,0,0,0,0,0,0,5,530,43,0,12,1,50,12,12.3255813953488,12
"theo melin ohrstrom",8,NA,NA,NA,NA,NA,NA,NA,NA,0,0,0,0,0,0,0,1,167,18,0,0,0,28,NA,9.27777777777778,NA
"thomas wadsworth",2,NA,NA,NA,NA,NA,NA,NA,NA,0,0,0,0,0,0,0,0,27,3,0,0,0,12,NA,9,NA
"titus lyons",9,NA,NA,NA,NA,NA,NA,NA,NA,0,0,1,2,0,0,0,3,94,12,0,0,0,24,NA,7.83333333333333,NA
"titus rohrer",1,NA,NA,NA,NA,NA,NA,NA,NA,0,0,0,0,0,0,0,0,16,1,0,0,0,16,NA,16,NA
"tj johnson",1,NA,NA,NA,NA,NA,NA,NA,NA,0,0,0,0,0,0,0,1,7,1,0,0,0,7,NA,7,NA
"tk paisant",2,NA,NA,NA,NA,NA,NA,NA,NA,0,0,0,0,0,0,0,0,11,2,0,0,0,9,NA,5.5,NA
"toby payne",11,NA,NA,NA,NA,NA,NA,NA,NA,0,0,0,0,0,0,0,3,387,36,0,0,1,48,0,10.75,0
"tommy arnold",1,NA,NA,NA,NA,NA,NA,NA,NA,0,0,0,0,0,0,0,0,0,0,0,0,0,NA,NA,NA,NA
"tony livingston",8,NA,NA,NA,NA,NA,NA,NA,NA,0,0,0,0,0,0,0,2,119,11,0,0,0,38,NA,10.8181818181818,NA
"trace bruckler",3,NA,NA,NA,NA,NA,NA,NA,NA,0,0,0,0,0,0,0,1,64,5,0,0,0,23,NA,12.8,NA
"tracy stephens",1,NA,NA,NA,NA,NA,NA,NA,NA,0,0,0,0,0,0,0,1,18,2,0,0,0,14,NA,9,NA
"trae swartz",4,NA,NA,NA,NA,NA,NA,NA,NA,0,0,0,0,0,0,0,1,51,4,0,0,0,31,NA,12.75,NA
"travaunta abner",7,NA,NA,NA,NA,NA,NA,NA,NA,0,0,1,1,0,0,0,3,380,35,0,0,0,33,NA,10.8571428571429,NA
"travis plugge",1,NA,NA,NA,NA,NA,NA,NA,NA,0,0,0,0,0,0,0,0,0,0,0,0,0,NA,NA,NA,NA
"travon jones",10,NA,NA,NA,NA,NA,NA,NA,NA,0,0,0,0,0,0,0,3,213,23,0,0,0,33,NA,9.26086956521739,NA
"tray kuntz",2,NA,NA,NA,NA,NA,NA,NA,NA,0,0,0,0,0,0,0,1,4,2,0,0,0,4,NA,2,NA
"tre williams iii",12,NA,NA,NA,NA,NA,NA,NA,NA,0,0,0,0,0,0,0,4,319,25,0,0,0,56,NA,12.76,NA
"trent thomas",4,NA,NA,NA,NA,NA,NA,NA,NA,0,0,0,0,0,0,0,0,34,4,0,0,0,16,NA,8.5,NA
"trevor wilson",9,NA,NA,NA,NA,NA,NA,NA,NA,0,0,0,0,0,0,0,1,193,22,0,0,0,30,NA,8.77272727272727,NA
"trey dez green",7,NA,NA,NA,NA,NA,NA,NA,NA,0,0,0,0,0,0,0,5,353,29,0,0,0,30,NA,12.1724137931034,NA
"trey leckner",10,NA,NA,NA,NA,NA,NA,NA,NA,0,0,0,1,0,0,0,3,123,21,0,0,0,19,NA,5.85714285714286,NA
"trey mcdonald",4,NA,NA,NA,NA,NA,NA,NA,NA,0,0,0,0,0,0,0,1,11,3,0,0,0,7,NA,3.66666666666667,NA
"trey miller",9,NA,NA,NA,NA,NA,NA,NA,NA,0,0,0,0,0,0,0,0,88,12,0,0,0,16,NA,7.33333333333333,NA
"tripp walsh",2,NA,NA,NA,NA,NA,NA,NA,NA,0,0,0,0,0,0,0,0,9,1,0,0,0,9,NA,9,NA
"troy grizzle",1,NA,NA,NA,NA,NA,NA,NA,NA,0,0,0,0,0,0,0,1,10,1,0,0,0,10,NA,10,NA
"tucker ashcraft",1,NA,NA,NA,NA,NA,NA,NA,NA,0,0,0,0,0,0,0,0,10,2,0,0,0,6,NA,5,NA
"ty brown",3,NA,NA,NA,NA,NA,NA,NA,NA,0,0,0,0,0,0,0,0,31,4,0,0,0,13,NA,7.75,NA
"ty lockwood",2,NA,NA,NA,NA,NA,NA,NA,NA,0,0,0,0,0,0,0,0,30,2,0,0,0,16,NA,15,NA
"ty stamey",4,NA,NA,NA,NA,NA,NA,NA,NA,0,0,0,0,0,0,0,0,43,6,0,0,0,25,NA,7.16666666666667,NA
"ty washington",3,NA,NA,NA,NA,NA,NA,NA,NA,0,0,0,0,0,0,0,1,34,5,0,0,0,14,NA,6.8,NA
"ty yocum",2,NA,NA,NA,NA,NA,NA,NA,NA,0,0,0,0,0,0,0,0,11,1,0,4,1,11,4,11,4
"tyler bonkowski",1,NA,NA,NA,NA,NA,NA,NA,NA,0,0,0,0,0,0,0,0,5,1,0,0,0,5,NA,5,NA
"tyler fortenberry",10,NA,NA,NA,NA,NA,NA,NA,NA,0,0,0,0,0,0,0,2,279,31,0,0,0,28,NA,9,NA
"tyler glover",1,NA,NA,NA,NA,NA,NA,NA,NA,0,0,0,0,0,0,0,0,0,0,0,12,6,NA,5,NA,2
"tyler little",2,NA,NA,NA,NA,NA,NA,NA,NA,0,0,0,0,0,0,0,1,71,6,0,0,0,28,NA,11.8333333333333,NA
"tyler moore",5,NA,NA,NA,NA,NA,NA,NA,NA,0,0,0,0,0,0,0,0,118,7,0,0,0,31,NA,16.8571428571429,NA
"tyler nansel",5,NA,NA,NA,NA,NA,NA,NA,NA,0,0,0,0,0,0,0,0,50,5,0,0,0,30,NA,10,NA
"tyler nix",3,NA,NA,NA,NA,NA,NA,NA,NA,0,0,0,0,0,0,0,0,16,4,0,0,0,7,NA,4,NA
"tyler picinic",2,NA,NA,NA,NA,NA,NA,NA,NA,0,0,0,0,0,0,0,0,14,3,0,0,0,8,NA,4.66666666666667,NA
"tyler siddons",3,NA,NA,NA,NA,NA,NA,NA,NA,0,0,0,0,0,0,0,0,37,4,0,0,0,17,NA,9.25,NA
"tyreke jinks",3,NA,NA,NA,NA,NA,NA,NA,NA,0,0,0,0,0,0,0,1,37,5,0,0,0,13,NA,7.4,NA
"tyronne hayes",4,NA,NA,NA,NA,NA,NA,NA,NA,0,0,0,0,0,0,0,0,36,4,0,0,0,16,NA,9,NA
"vance nicklaus",1,NA,NA,NA,NA,NA,NA,NA,NA,0,0,0,0,0,0,0,0,21,1,0,0,0,21,NA,21,NA
"var keyes gumms",5,NA,NA,NA,NA,NA,NA,NA,NA,0,0,0,0,0,0,0,3,168,11,0,0,0,27,NA,15.2727272727273,NA
"victor aderungboye",1,NA,NA,NA,NA,NA,NA,NA,NA,0,0,0,0,0,0,0,0,0,0,0,0,0,NA,NA,NA,NA
"vince benetti",1,NA,NA,NA,NA,NA,NA,NA,NA,0,0,0,0,0,0,0,0,0,0,0,0,0,NA,NA,NA,NA
"walker lyons",11,NA,NA,NA,NA,NA,NA,NA,NA,0,0,0,0,0,0,0,2,223,20,0,0,0,26,NA,11.15,NA
"walker wallace",1,NA,NA,NA,NA,NA,NA,NA,NA,0,0,0,0,0,0,0,0,0,0,0,0,0,NA,NA,NA,NA
"watson hafer",7,NA,NA,NA,NA,NA,NA,NA,NA,0,0,0,0,0,0,0,0,50,10,0,0,0,12,NA,5,NA
"wesley campbell vi",1,NA,NA,NA,NA,NA,NA,NA,NA,0,0,0,0,0,0,0,0,6,1,0,0,0,6,NA,6,NA
"weston wolff",1,NA,NA,NA,NA,NA,NA,NA,NA,0,0,0,0,0,0,0,0,7,1,0,0,0,7,NA,7,NA
"whit hobgood",4,NA,NA,NA,NA,NA,NA,NA,NA,0,0,0,0,0,0,0,1,55,3,0,0,0,33,NA,18.3333333333333,NA
"will anciaux",5,NA,NA,NA,NA,NA,NA,NA,NA,0,0,0,0,0,0,0,1,45,6,0,0,0,25,NA,7.5,NA
"will dixon",1,NA,NA,NA,NA,NA,NA,NA,NA,0,0,0,0,0,0,0,1,2,1,0,0,0,2,NA,2,NA
"will huggins",3,NA,NA,NA,NA,NA,NA,NA,NA,0,0,0,0,0,0,0,0,21,3,0,0,0,15,NA,7,NA
"will kacmarek",6,NA,NA,NA,NA,NA,NA,NA,NA,0,0,0,0,0,0,0,2,120,9,0,0,0,47,NA,13.3333333333333,NA
"will monney",3,NA,NA,NA,NA,NA,NA,NA,NA,0,0,0,0,0,0,0,0,39,3,0,0,0,23,NA,13,NA
"will roberts",1,NA,NA,NA,NA,NA,NA,NA,NA,0,0,0,0,0,0,0,0,7,1,0,0,0,7,NA,7,NA
"will swanson",4,NA,NA,NA,NA,NA,NA,NA,NA,0,0,0,0,0,0,0,0,82,5,0,0,0,38,NA,16.4,NA
"will wood",1,NA,NA,NA,NA,NA,NA,NA,NA,0,0,0,0,0,0,0,0,0,0,0,0,0,NA,NA,NA,NA
"will zundel",2,NA,NA,NA,NA,NA,NA,NA,NA,0,0,0,0,0,0,0,0,0,0,0,0,0,NA,NA,NA,NA
"willie rodriguez",11,NA,NA,NA,NA,NA,NA,NA,NA,0,0,1,1,0,0,0,1,310,23,0,0,0,53,NA,13.4782608695652,NA
"winston williams",3,NA,NA,NA,NA,NA,NA,NA,NA,0,0,0,0,0,0,0,1,45,5,0,0,0,20,NA,9,NA
"wyatt sullivan",9,NA,NA,NA,NA,NA,NA,NA,NA,0,0,0,0,0,0,0,2,177,17,0,0,0,30,NA,10.4117647058824,NA
"zach atkins",10,NA,NA,NA,NA,NA,NA,NA,NA,0,0,0,0,0,0,0,0,149,20,1,0,0,22,0,7.45,NA
"zach courtney",4,NA,NA,NA,NA,NA,NA,NA,NA,0,0,0,1,0,0,0,0,64,5,0,0,0,23,NA,12.8,NA
"zach ortwerth",7,NA,NA,NA,NA,NA,NA,NA,NA,0,0,0,0,0,0,0,0,69,8,0,0,0,24,NA,8.625,NA
"zach russell",1,NA,NA,NA,NA,NA,NA,NA,NA,0,0,0,0,0,0,0,0,12,1,0,0,0,12,NA,12,NA
"zach witte",8,NA,NA,NA,NA,NA,NA,NA,NA,0,0,0,0,0,0,0,3,149,16,0,0,0,22,NA,9.3125,NA
"zack marshall",7,NA,NA,NA,NA,NA,NA,NA,NA,0,0,0,0,0,0,0,1,195,15,0,0,0,37,NA,13,NA
"zander turner",3,NA,NA,NA,NA,NA,NA,NA,NA,0,0,0,0,0,0,0,0,15,4,0,0,0,12,NA,3.75,NA
"zeke moore",4,NA,NA,NA,NA,NA,NA,NA,NA,0,0,0,0,0,0,0,0,7,2,0,0,0,4,NA,3.5,NA
"zy aire fletcher",2,NA,NA,NA,NA,NA,NA,NA,NA,0,0,0,0,0,0,0,0,47,2,0,0,0,27,NA,23.5,NA
