player_id,player_display_name,overall,round,pick,height,weight,pre_draft_ranking,pre_draft_position_ranking,pre_draft_grade,carries_pg,rushing_yards_pg,rushing_tds_pg,receptions_pg,receiving_yards_pg,receiving_tds_pg,fumble_recovery_own_pg,rushing_fumbles_lost_pg,rushing_fumbles_pg,college_flag
NA,Aaron Hopkins,NA,NA,NA,NA,NA,NA,NA,NA,0,0,0,0,0,0,0,0,0,1
NA,Achilles Whitby,NA,NA,NA,NA,NA,NA,NA,NA,0,0,0,1,6,0,0,0,0,1
NA,Adam Howanitz,NA,NA,NA,NA,NA,NA,NA,NA,0,0,0,0,0,0,0,0,0,1
NA,Adam Parks,NA,NA,NA,NA,NA,NA,NA,NA,0,0,0,1,7,0,0,0,0,1
NA,Addison Ostrenga,NA,NA,NA,NA,NA,NA,NA,NA,0,0,0,1,8,0,0,0,0,1
NA,Ademola Faleye,NA,NA,NA,NA,NA,NA,NA,NA,0,0,0,1.33333333333333,7.66666666666667,0.333333333333333,0,0,0,1
NA,Adyn Wilkinson,NA,NA,NA,NA,NA,NA,NA,NA,1,21,0,1.66666666666667,13.5,0.166666666666667,0,0,0,1
NA,Ahmon Green,NA,NA,NA,NA,NA,NA,NA,NA,0,0,0,1.77777777777778,18.4444444444444,0,0,0,0,1
NA,Aidan Behymer,NA,NA,NA,NA,NA,NA,NA,NA,0,0,0,1,5,0,0,0,0,1
NA,Aidan Quinn,NA,NA,NA,NA,NA,NA,NA,NA,1,28,0,1.2,13.9,0.1,0,1,1,1
NA,Aidan Sefa,NA,NA,NA,NA,NA,NA,NA,NA,0,0,0,1,16,0,0,0,0,1
NA,Aidan Steinfeldt,NA,NA,NA,NA,NA,NA,NA,NA,0,0,0,1.25,7,0,0,0,0,1
NA,Aiden Black,NA,NA,NA,NA,NA,NA,NA,NA,0,0,0,0,0,0,0,0,0,1
NA,Aiden Mack,NA,NA,NA,NA,NA,NA,NA,NA,0,0,0,1,5,0,0,0,0,1
NA,AJ Boarman,NA,NA,NA,NA,NA,NA,NA,NA,0,0,0,2,19,0,0,0,0,1
NA,AJ Ia,NA,NA,NA,NA,NA,NA,NA,NA,0,0,0,1,10,0,0,0,0,1
NA,AJ Szymanski,NA,NA,NA,NA,NA,NA,NA,NA,0,0,0,1,6.4,0.2,0,0,0,1
NA,Alec Pell,NA,NA,NA,NA,NA,NA,NA,NA,0,0,0,1.25,8.75,0,0,0,0,1
NA,Alejandro Vazquez,NA,NA,NA,NA,NA,NA,NA,NA,0,0,0,1,13,0,0,0,0,1
NA,Alek Marshall,NA,NA,NA,NA,NA,NA,NA,NA,0,0,0,2.11111111111111,33.2222222222222,0.222222222222222,0,0,0,1
NA,Alex Bauman,NA,NA,NA,NA,NA,NA,NA,NA,0,0,0,1.85714285714286,18,0.142857142857143,0,0,0,1
NA,Alex Ginnever,NA,NA,NA,NA,NA,NA,NA,NA,1,-1,0,1.22222222222222,8.33333333333333,0,0,0,0,1
NA,Alex Herrera,NA,NA,NA,NA,NA,NA,NA,NA,0,0,0,2.625,27.75,0,0,0,0,1
NA,Alex Honig,NA,NA,NA,NA,NA,NA,NA,NA,1,26,0,1.44444444444444,18,0.333333333333333,0,0,0,1
NA,Alex Lines,NA,NA,NA,NA,NA,NA,NA,NA,0,0,0,2,7,0,0,0,0,1
NA,Alex McDonald,NA,NA,NA,NA,NA,NA,NA,NA,0,0,0,1.5,15,0.375,0,0,0,1
NA,Alex Simmons,NA,NA,NA,NA,NA,NA,NA,NA,0,0,0,1.16666666666667,9.16666666666667,0,0,0,1,1
NA,Alex Williams,NA,NA,NA,NA,NA,NA,NA,NA,1,-4,0,2.09090909090909,21.8181818181818,0.727272727272727,0,0,0,1
NA,Amar'e Pam,NA,NA,NA,NA,NA,NA,NA,NA,1,0,0,0,0,0,0,0,0,1
NA,Amaree Williams,NA,NA,NA,NA,NA,NA,NA,NA,0,0,0,1,25.5,0.5,0,0,0,1
NA,Amari Niblack,NA,NA,NA,NA,NA,NA,NA,NA,0,0,0,1.25,17.25,0,0,0,0,1
NA,Amarie Rogers,NA,NA,NA,NA,NA,NA,NA,NA,0,0,0,1,6.5,0.5,0,0,0,1
NA,Amir Jackson,NA,NA,NA,NA,NA,NA,NA,NA,0,0,0,1,9.66666666666667,0.333333333333333,0,0,0,1
NA,Ammon Munyer,NA,NA,NA,NA,NA,NA,NA,NA,0,0,0,1.33333333333333,10,0.166666666666667,0,0,0,1
NA,Andreas Paaske,NA,NA,NA,NA,NA,NA,NA,NA,0,0,0,1,9,0.333333333333333,0,0,0,1
NA,Andrew Civey,NA,NA,NA,NA,NA,NA,NA,NA,0,0,0,1.11111111111111,9.55555555555556,0.222222222222222,0,0,0,1
NA,Andrew Gustad,NA,NA,NA,NA,NA,NA,NA,NA,1.66666666666667,4.66666666666667,0,1,5.66666666666667,1,0,0,0,1
NA,Andrew Rappleyea,NA,NA,NA,NA,NA,NA,NA,NA,0,0,0,2.14285714285714,23.1428571428571,0.285714285714286,0,0,0,1
NA,Andrew Ritter,NA,NA,NA,NA,NA,NA,NA,NA,0,0,0,1.25,15.75,0,0,0,1,1
NA,Andrew Vrbancic,NA,NA,NA,NA,NA,NA,NA,NA,0,0,0,1,0,0,0,0,0,1
NA,Anthony Miller Jr.,NA,NA,NA,NA,NA,NA,NA,NA,0,0,0,1.25,15,0.25,0,0,0,1
NA,Anthony Rucker,NA,NA,NA,NA,NA,NA,NA,NA,0,0,0,2.5,32.25,0,0,0,1,1
NA,Antoine Bell,NA,NA,NA,NA,NA,NA,NA,NA,0,0,0,1,16,0.666666666666667,0,0,0,1
NA,Antonio Ferguson,NA,NA,NA,NA,NA,NA,NA,NA,0,0,0,1.66666666666667,19.1666666666667,0,0,0,0,1
NA,Antonio Johnson,NA,NA,NA,NA,NA,NA,NA,NA,0,0,0,1.875,21,0.5,0,0,0,1
NA,Apollos Cook,NA,NA,NA,NA,NA,NA,NA,NA,0,0,0,1.5,17,0,0,0,0,1
NA,Arik Gilbert,NA,NA,NA,NA,NA,NA,NA,NA,0,0,0,1,52,0,0,0,0,1
NA,Ashtin Traver,NA,NA,NA,NA,NA,NA,NA,NA,0,0,0,1,5,0,0,0,0,1
NA,Ashton Wilson,NA,NA,NA,NA,NA,NA,NA,NA,0,0,0,1.57142857142857,13,0.142857142857143,0,0,0,1
NA,Austin Bray,NA,NA,NA,NA,NA,NA,NA,NA,0,0,0,2,17.5,0.5,0,0,0,1
NA,Austin Henderson,NA,NA,NA,NA,NA,NA,NA,NA,0,0,0,1.4,14.6,0,0,0,0,1
NA,Austin Samaha,NA,NA,NA,NA,NA,NA,NA,NA,1,1,1,1,10,0,0,0,0,1
NA,Austin Smith,NA,NA,NA,NA,NA,NA,NA,NA,0,0,0,1.4,13,0,0,0,0,1
NA,Avion McBride,NA,NA,NA,NA,NA,NA,NA,NA,0,0,0,1,6.5,0,0,0,0,1
NA,Banks Pope,NA,NA,NA,NA,NA,NA,NA,NA,0,0,0,1,5,0,0,0,0,1
NA,Bauer Sharp,NA,NA,NA,NA,NA,NA,NA,NA,0,0,0,2.18181818181818,22.9090909090909,0.181818181818182,0,1,1,1
NA,Bear Tenney,NA,NA,NA,NA,NA,NA,NA,NA,0,0,0,1,20,0.5,0,0,0,1
NA,Beau Baker,NA,NA,NA,NA,NA,NA,NA,NA,0,0,0,1,12,1,0,0,0,1
NA,Ben Haulmark,NA,NA,NA,NA,NA,NA,NA,NA,0,0,0,1.5,33.5,0,0,0,0,1
NA,Benjamin Blackburn,NA,NA,NA,NA,NA,NA,NA,NA,0,0,0,1.28571428571429,15.5714285714286,0.142857142857143,0,0,0,1
NA,Benjamin Brahmer,NA,NA,NA,NA,NA,NA,NA,NA,1,-2,0,3.08333333333333,37.1666666666667,0.5,0,0,0,1
NA,Benji Gosnell,NA,NA,NA,NA,NA,NA,NA,NA,0,0,0,1.71428571428571,12.2857142857143,0,0,0,0,1
NA,Bennett Christian,NA,NA,NA,NA,NA,NA,NA,NA,0,0,0,1.25,4,0.25,0,0,0,1
NA,Benny Denby,NA,NA,NA,NA,NA,NA,NA,NA,0,0,0,1,3,0,0,0,0,1
NA,Blake Bosma,NA,NA,NA,NA,NA,NA,NA,NA,0,0,0,2.1,19.7,0,0,0,0,1
NA,Blake Smith,NA,NA,NA,NA,NA,NA,NA,NA,0,0,0,1.8,16.6,0,0,0,0,1
NA,Blake Van Buren,NA,NA,NA,NA,NA,NA,NA,NA,0,0,0,0,0,0,0,0,0,1
NA,Blane Cleaver,NA,NA,NA,NA,NA,NA,NA,NA,1,0,0,1,3.66666666666667,0.333333333333333,0,0,0,1
NA,Bo Burklow,NA,NA,NA,NA,NA,NA,NA,NA,0,0,0,0,0,0,0,0,0,1
NA,Bode Burns,NA,NA,NA,NA,NA,NA,NA,NA,0,0,0,1,23,0,0,1,1,1
NA,Boden Groen,NA,NA,NA,NA,NA,NA,NA,NA,0,0,0,3.27272727272727,40.9090909090909,0.454545454545455,0,0,1,1
NA,Braden Dougherty,NA,NA,NA,NA,NA,NA,NA,NA,0,0,0,2.11111111111111,25,0.111111111111111,0,0,0,1
NA,Braden Kramer,NA,NA,NA,NA,NA,NA,NA,NA,0,0,0,1,14,1,0,0,0,1
NA,Brady Ambrose,NA,NA,NA,NA,NA,NA,NA,NA,0,0,0,1,11,0,0,0,0,1
NA,Brady Clough,NA,NA,NA,NA,NA,NA,NA,NA,0,0,0,1,5,0,0,0,0,1
NA,Brady Hunt,NA,NA,NA,NA,NA,NA,NA,NA,3,3,2,2.33333333333333,18.6666666666667,0,0,0,0,1
NA,Brady Preston,NA,NA,NA,NA,NA,NA,NA,NA,0,0,0,1.14285714285714,13.1428571428571,0.571428571428571,0,0,0,1
NA,Brady Rhoads,NA,NA,NA,NA,NA,NA,NA,NA,0,0,0,0,0,0,0,0,0,1
NA,Brady Wagner,NA,NA,NA,NA,NA,NA,NA,NA,0,0,0,1.5,9,0,0,0,0,1
NA,Braiden Staten,NA,NA,NA,NA,NA,NA,NA,NA,0,0,0,1.5,13,0,0,0,0,1
NA,Brandon Frazier,NA,NA,NA,NA,NA,NA,NA,NA,0,0,0,2.16666666666667,16.1666666666667,0,0,0,0,1
NA,Brandon Lanier,NA,NA,NA,NA,NA,NA,NA,NA,0,0,0,1.44444444444444,18.7777777777778,0.333333333333333,0,0,0,1
NA,Brandon London,NA,NA,NA,NA,NA,NA,NA,NA,0,0,0,1,17.3333333333333,0.666666666666667,0,0,0,1
NA,Brandon Young Jr.,NA,NA,NA,NA,NA,NA,NA,NA,0,0,0,1,5,0.5,0,0,0,1
NA,Brant Monistere,NA,NA,NA,NA,NA,NA,NA,NA,0,0,0,0,0,0,0,0,0,1
NA,Brayden Blackmon,NA,NA,NA,NA,NA,NA,NA,NA,0,0,0,3,23.6666666666667,0.222222222222222,0,0,0,1
NA,Brayden Bockler,NA,NA,NA,NA,NA,NA,NA,NA,0,0,0,1,5,0,0,0,0,1
NA,Brayden Delahoyde,NA,NA,NA,NA,NA,NA,NA,NA,0,0,0,1,14.5,1,0,1,1,1
NA,Brayden Johnson,NA,NA,NA,NA,NA,NA,NA,NA,0,0,0,0,0,0,0,0,0,1
NA,Brayden Loftin,NA,NA,NA,NA,NA,NA,NA,NA,0,0,0,1,9.16666666666667,0,0,0,0,1
NA,Brayden Welch,NA,NA,NA,NA,NA,NA,NA,NA,0,0,0,1,21.5,0.5,0,0,0,1
NA,Brec Long,NA,NA,NA,NA,NA,NA,NA,NA,0,0,0,1,5,0,0,0,0,1
NA,Brendan Doyle,NA,NA,NA,NA,NA,NA,NA,NA,0,0,0,1,3,0,0,0,0,1
NA,Brennan Parachek,NA,NA,NA,NA,NA,NA,NA,NA,0,0,0,0,0,0,0,0,0,1
NA,Brennan Wooten,NA,NA,NA,NA,NA,NA,NA,NA,0,0,0,0,0,0,0,0,0,1
NA,Brett Norfleet,NA,NA,NA,NA,NA,NA,NA,NA,0,0,0,2.81818181818182,23.0909090909091,0.454545454545455,0,0,0,1
NA,Brett Seither,NA,NA,NA,NA,NA,NA,NA,NA,0,0,0,1.57142857142857,30.2857142857143,0,0,0,0,1
NA,Brian Courtney,NA,NA,NA,NA,NA,NA,NA,NA,2.33333333333333,11.6666666666667,0.333333333333333,2.33333333333333,31.3333333333333,0.416666666666667,0,0,0,1
NA,Brian Henry,NA,NA,NA,NA,NA,NA,NA,NA,0,0,0,2.5,29.9,0.4,0,1,1,1
NA,Brian Shane,NA,NA,NA,NA,NA,NA,NA,NA,0,0,0,1.83333333333333,18.6666666666667,0.333333333333333,0,0,0,1
NA,Briggs Hughston,NA,NA,NA,NA,NA,NA,NA,NA,0,0,0,1.75,18.75,0.5,0,0,0,1
NA,Broc Lane,NA,NA,NA,NA,NA,NA,NA,NA,0,0,0,2.71428571428571,31.1428571428571,0.285714285714286,0,0,0,1
NA,Brock Chappell,NA,NA,NA,NA,NA,NA,NA,NA,0,0,0,1.71428571428571,15.4285714285714,0.142857142857143,0,0,0,1
NA,Brock Lium,NA,NA,NA,NA,NA,NA,NA,NA,0,0,0,1,5,0,0,0,0,1
NA,Brock Schott,NA,NA,NA,NA,NA,NA,NA,NA,0,0,0,2,24,0,0,0,0,1
NA,Brody Dalton,NA,NA,NA,NA,NA,NA,NA,NA,0,0,0,3,22,0,0,0,0,1
NA,Brody Eaton,NA,NA,NA,NA,NA,NA,NA,NA,0,0,0,1,5,0,0,0,0,1
NA,Brody Foley,NA,NA,NA,NA,NA,NA,NA,NA,1.66666666666667,4,0.666666666666667,3.27272727272727,47.3636363636364,0.636363636363636,0,0,0,1
NA,Brody Judd,NA,NA,NA,NA,NA,NA,NA,NA,0,0,0,1,21.5,0,0,0,0,1
NA,Brody Perkins,NA,NA,NA,NA,NA,NA,NA,NA,0,0,0,1,3,0,0,0,0,1
NA,Brooks Johnson,NA,NA,NA,NA,NA,NA,NA,NA,0,0,0,1.83333333333333,14.5,0.166666666666667,0,0,0,1
NA,Brooks Kleinpeter,NA,NA,NA,NA,NA,NA,NA,NA,0,0,0,1.16666666666667,11.6666666666667,0.166666666666667,0,0,1,1
NA,Brown Norton,NA,NA,NA,NA,NA,NA,NA,NA,0,0,0,1,3,0,0,0,0,1
NA,Bruin Fleischmann,NA,NA,NA,NA,NA,NA,NA,NA,0,0,0,1.90909090909091,33.6363636363636,0.545454545454545,0,0,0,1
NA,Bryce Anderson,NA,NA,NA,NA,NA,NA,NA,NA,0,0,0,1.83333333333333,14.3333333333333,0,0,0,0,1
NA,Bryce Butler,NA,NA,NA,NA,NA,NA,NA,NA,0,0,0,1.6,15.6,0,0,0,0,1
NA,Bryce Caufield,NA,NA,NA,NA,NA,NA,NA,NA,0,0,0,3.625,27.375,0.125,0,0.5,1,1
NA,Bryce Cowgill,NA,NA,NA,NA,NA,NA,NA,NA,0,0,0,1,5.66666666666667,0,0,0,0,1
NA,Brycen Coleman,NA,NA,NA,NA,NA,NA,NA,NA,1,8,0,1,22.3333333333333,0.333333333333333,0,0,0,1
NA,Bryson Dickerson,NA,NA,NA,NA,NA,NA,NA,NA,1,4,0,2.375,25.875,0.125,0,0,0,1
NA,Burke Carroll,NA,NA,NA,NA,NA,NA,NA,NA,0,0,0,1.33333333333333,14.3333333333333,0,0,0,0,1
NA,Cade Callahan,NA,NA,NA,NA,NA,NA,NA,NA,1,9,0,1.9,27.9,0.3,0,0,0,1
NA,Cade Collier,NA,NA,NA,NA,NA,NA,NA,NA,0,0,0,1.6,17.3,0.2,0.5,0.5,0.5,1
NA,Cade Conley,NA,NA,NA,NA,NA,NA,NA,NA,0,0,0,1.6,11,0.2,0,1,1,1
NA,Cade Cox,NA,NA,NA,NA,NA,NA,NA,NA,0,0,0,1.11111111111111,6.88888888888889,0,0,0,0,1
NA,Cade Keith,NA,NA,NA,NA,NA,NA,NA,NA,0,0,0,2.22222222222222,28.1111111111111,0.333333333333333,0,0,0,1
NA,Caden Allard,NA,NA,NA,NA,NA,NA,NA,NA,0,0,0,1,6,0,0,0,0,1
NA,Caden Frey,NA,NA,NA,NA,NA,NA,NA,NA,0,0,0,1.5,11,0,0,0,0,1
NA,Caden Jensen,NA,NA,NA,NA,NA,NA,NA,NA,0,0,0,2.77777777777778,17.6666666666667,0.111111111111111,0,0,0,1
NA,Caden Rose,NA,NA,NA,NA,NA,NA,NA,NA,0,0,0,1,5,0,0,0,0,1
NA,Cael Vanderbush,NA,NA,NA,NA,NA,NA,NA,NA,0,0,0,1,1,0,0,0,0,1
NA,Caeleb Schlachter,NA,NA,NA,NA,NA,NA,NA,NA,0,0,0,2,11.3333333333333,0,0,0,0,1
NA,Caleb Ryan,NA,NA,NA,NA,NA,NA,NA,NA,0,0,0,1.33333333333333,29,0,0,0,0,1
NA,Camden Etheredge,NA,NA,NA,NA,NA,NA,NA,NA,0,0,0,1,14,0,0,0,0,1
NA,Camden Lewis,NA,NA,NA,NA,NA,NA,NA,NA,0,0,0,1.6,9.2,0.2,0,0,0,1
NA,Camden Overton,NA,NA,NA,NA,NA,NA,NA,NA,0,0,0,3,26.4,0.4,0,0,0,1
NA,Cameron Ball,NA,NA,NA,NA,NA,NA,NA,NA,0,0,0,1,6,0,0,0,0,1
NA,Cameron Barmore,NA,NA,NA,NA,NA,NA,NA,NA,0,0,0,2.8,25.6,0.2,0,0,0,1
NA,Cameron Harpole,NA,NA,NA,NA,NA,NA,NA,NA,0,0,0,2,15.4,0.2,0,0,0,1
NA,Cameron Heald,NA,NA,NA,NA,NA,NA,NA,NA,0,0,0,2.3,14.8,0.1,0,0,0,1
NA,Carsen Ryan,NA,NA,NA,NA,NA,NA,NA,NA,0,0,0,3.18181818181818,42.9090909090909,0.272727272727273,0,0,0,1
NA,Carson Bruhn,NA,NA,NA,NA,NA,NA,NA,NA,0,0,0,1.25,13.75,0,0,0,0,1
NA,Carson Jacoby,NA,NA,NA,NA,NA,NA,NA,NA,0,0,0,1,6,0,0,0,0,1
NA,Carson Kent,NA,NA,NA,NA,NA,NA,NA,NA,0,0,0,1,8.66666666666667,0,0,0,0,1
NA,Carson Kolb,NA,NA,NA,NA,NA,NA,NA,NA,0,0,0,0,0,0,0,0,0,1
NA,Carson Labensky,NA,NA,NA,NA,NA,NA,NA,NA,0,0,0,1.25,10.75,0,0,0,0,1
NA,Carson Tabaracci,NA,NA,NA,NA,NA,NA,NA,NA,0,0,0,1,9,1,0,0,0,1
NA,Carson Williams,NA,NA,NA,NA,NA,NA,NA,NA,0,0,0,1.4,14.8,0,0,0,0,1
NA,Carter Moses,NA,NA,NA,NA,NA,NA,NA,NA,0,0,0,2.88888888888889,35.6666666666667,0.222222222222222,0,0,0,1
NA,Carter Nelson,NA,NA,NA,NA,NA,NA,NA,NA,0,0,0,1,5.5,0,0,0,0,1
NA,Carter Neuman,NA,NA,NA,NA,NA,NA,NA,NA,0,0,0,1.25,12,0,0,0,0,1
NA,Casey O'Sullivan,NA,NA,NA,NA,NA,NA,NA,NA,0,0,0,2,8.5,0,0,0,0,1
NA,CC Ezirim,NA,NA,NA,NA,NA,NA,NA,NA,0,0,0,1,4,0.5,0,0,0,1
NA,Chamon Metayer,NA,NA,NA,NA,NA,NA,NA,NA,1,1,0,3.8,37.5,0.4,0,0,1,1
NA,Chance Bogan,NA,NA,NA,NA,NA,NA,NA,NA,0,0,0,2.16666666666667,17.8333333333333,0,0,0,0,1
NA,Charles Bernard,NA,NA,NA,NA,NA,NA,NA,NA,0,0,0,0,0,0,0,0,0,1
NA,Charles Garrison,NA,NA,NA,NA,NA,NA,NA,NA,0,0,0,2.7,32.9,0.2,0,0,0,1
NA,Charles George,NA,NA,NA,NA,NA,NA,NA,NA,0,0,0,0,0,0,1,0,0,1
NA,Charles Kaludis,NA,NA,NA,NA,NA,NA,NA,NA,0,0,0,1,2,0,0,0,0,1
NA,Charles Robinson,NA,NA,NA,NA,NA,NA,NA,NA,0,0,0,0,0,0,0,0,0,1
NA,Charlie Browder,NA,NA,NA,NA,NA,NA,NA,NA,0,0,0,1.88888888888889,28.2222222222222,0.222222222222222,0,0,0,1
NA,Charlie Kreinbucher,NA,NA,NA,NA,NA,NA,NA,NA,0,0,0,1,9.83333333333333,0.166666666666667,0,0,0,1
NA,Charlie White,NA,NA,NA,NA,NA,NA,NA,NA,0,0,0,2,17.3333333333333,0.333333333333333,0,0,0,1
NA,Chase Curtis,NA,NA,NA,NA,NA,NA,NA,NA,1,3,0,2,26.5,0.333333333333333,1,0,0,1
NA,Chase Loftin,NA,NA,NA,NA,NA,NA,NA,NA,0,0,0,1,6,0,0,0,0,1
NA,Chase Simmons,NA,NA,NA,NA,NA,NA,NA,NA,0,0,0,0,0,0,0,0,0,1
NA,Chauncey Sneed,NA,NA,NA,NA,NA,NA,NA,NA,1,-7,0,1.25,9.75,0,0,0,0,1
NA,Chaz Middleton,NA,NA,NA,NA,NA,NA,NA,NA,0,0,0,2.44444444444444,41.1111111111111,0.555555555555556,0,0,0,1
NA,Chico Holt,NA,NA,NA,NA,NA,NA,NA,NA,0,0,0,1,36,0,0,0,0,1
NA,Chidubem Lebechi,NA,NA,NA,NA,NA,NA,NA,NA,0,0,0,1,6,1,0,0,0,1
NA,Chris Corbo,NA,NA,NA,NA,NA,NA,NA,NA,0,0,0,4.5,51.6,0.4,0,0,0,1
NA,Chris Vickerson,NA,NA,NA,NA,NA,NA,NA,NA,0,0,0,1,21,0.5,0,0,0,1
NA,Christian Abney,NA,NA,NA,NA,NA,NA,NA,NA,0,0,0,1,12,0,0,0,0,1
NA,Christian Bentancur,NA,NA,NA,NA,NA,NA,NA,NA,0,0,0,2.25,23.25,0.375,0,0,0,1
NA,Christian Berry,NA,NA,NA,NA,NA,NA,NA,NA,0,0,0,1.2,18.6,0,0,0,0,1
NA,Christian Burkhalter,NA,NA,NA,NA,NA,NA,NA,NA,0,0,0,1,7,0,0,0,0,1
NA,Christian Earls,NA,NA,NA,NA,NA,NA,NA,NA,0,0,0,1,7,0,0,0,0,1
NA,Christian Greenlaw,NA,NA,NA,NA,NA,NA,NA,NA,0,0,0,1.4,7.2,0,0,0,0,1
NA,Christian Jones,NA,NA,NA,NA,NA,NA,NA,NA,0,0,0,1,4,0,0,0,0,1
NA,Christian Moore,NA,NA,NA,NA,NA,NA,NA,NA,1,-2,0,1,4,0,0,0,0,1
NA,Christian Pedersen,NA,NA,NA,NA,NA,NA,NA,NA,0,0,0,1.375,11.375,0,0,0,0,1
NA,Christian Ross,NA,NA,NA,NA,NA,NA,NA,NA,0,0,0,2.125,21.75,0.125,0,0,0,1
NA,Christopher Harris,NA,NA,NA,NA,NA,NA,NA,NA,0,0,0,1,7.66666666666667,0,0,0,0,1
NA,Chuck Volans,NA,NA,NA,NA,NA,NA,NA,NA,0,0,0,1,-1,0,0,0,0,1
NA,CJ Schaeffer,NA,NA,NA,NA,NA,NA,NA,NA,0,0,0,1.5,23,0.5,0,0,0,1
NA,Cody Hardy,NA,NA,NA,NA,NA,NA,NA,NA,0,0,1,1.33333333333333,23.3333333333333,0.666666666666667,0,0,0,1
NA,Cody Howard,NA,NA,NA,NA,NA,NA,NA,NA,0,0,0,1.33333333333333,42.6666666666667,0.333333333333333,0,0,0,1
NA,Cody Ruff,NA,NA,NA,NA,NA,NA,NA,NA,0,0,0,1.75,20,0.5,0,0,0,1
NA,Colby Ramshaw,NA,NA,NA,NA,NA,NA,NA,NA,0,0,0,1.5,18.5,0,0,0,0,1
NA,Cole Bunicci,NA,NA,NA,NA,NA,NA,NA,NA,0,0,0,2.45454545454545,28.6363636363636,0.0909090909090909,0,0,0,1
NA,Cole Clarke,NA,NA,NA,NA,NA,NA,NA,NA,0,0,0,2.2,18.1,0.2,0,0,0,1
NA,Cole Harrison,NA,NA,NA,NA,NA,NA,NA,NA,0,0,0,1,17,0,0,0,1,1
NA,Cole Keller,NA,NA,NA,NA,NA,NA,NA,NA,0,0,0,2.75,28.25,0.25,0,0,0,1
NA,Cole Rusk,NA,NA,NA,NA,NA,NA,NA,NA,0,0,0,2.375,27.125,0.125,0,0,0,1
NA,Cole Schnieder,NA,NA,NA,NA,NA,NA,NA,NA,0,0,0,1.6,12.8,0,0,0,0,1
NA,Cole Spence,NA,NA,NA,NA,NA,NA,NA,NA,0,0,0,2.16666666666667,33.6666666666667,0.333333333333333,0,0,0,1
NA,Coleman Kuntz,NA,NA,NA,NA,NA,NA,NA,NA,1,1,0,2,25.6666666666667,0.333333333333333,0,0,0,1
NA,Colin Hayes,NA,NA,NA,NA,NA,NA,NA,NA,0,0,0,1.83333333333333,21.3333333333333,0.333333333333333,0,1,1,1
NA,Colin Melendez,NA,NA,NA,NA,NA,NA,NA,NA,0,0,0,1.42857142857143,7.85714285714286,0,0,0,0,1
NA,Colin Weber,NA,NA,NA,NA,NA,NA,NA,NA,0,0,0,2.125,12.75,0,0,0,1,1
NA,Collin Carroll,NA,NA,NA,NA,NA,NA,NA,NA,0,0,0,1,5,0,0,0,0,1
NA,Colt Sechrest,NA,NA,NA,NA,NA,NA,NA,NA,0,0,0,1,5,0,0,0,0,1
NA,Connor Adair,NA,NA,NA,NA,NA,NA,NA,NA,1,17,0,1,3,0,0,0,0,1
NA,Connor Bonesio,NA,NA,NA,NA,NA,NA,NA,NA,0,0,0,1,6,0,0,0,0,1
NA,Connor Cox,NA,NA,NA,NA,NA,NA,NA,NA,0,0,0,1.66666666666667,7,0,0,0,0,1
NA,Connor Cravaack,NA,NA,NA,NA,NA,NA,NA,NA,0,0,0,2,16.3333333333333,0.222222222222222,0,0,0,1
NA,Connor Finer,NA,NA,NA,NA,NA,NA,NA,NA,1,4,0,3.41666666666667,38.8333333333333,0.333333333333333,0,0,0,1
NA,Connor Hulstein,NA,NA,NA,NA,NA,NA,NA,NA,0,0,0,3.5,49.9166666666667,0.583333333333333,0,0.5,1,1
NA,Connor Jones,NA,NA,NA,NA,NA,NA,NA,NA,0,0,0,1,4,0.5,0,0,0,1
NA,Connor Ruth,NA,NA,NA,NA,NA,NA,NA,NA,0,0,0,1.6,12,0.4,0,0,0,1
NA,Connor Witthoft,NA,NA,NA,NA,NA,NA,NA,NA,0,0,0,1.5,11,0,0,0,0,1
NA,Conor O'Neil,NA,NA,NA,NA,NA,NA,NA,NA,0,0,0,1.5,12,0.25,0,0,0,1
NA,Cooper Alexander,NA,NA,NA,NA,NA,NA,NA,NA,0,0,0,1.25,11.75,0,0,0,0,1
NA,Cooper Eldridge,NA,NA,NA,NA,NA,NA,NA,NA,0,0,0,1,11,0,0,0,0,1
NA,Cooper Haswell,NA,NA,NA,NA,NA,NA,NA,NA,0,0,0,2,32,0,0,0,0,1
NA,Covadis Knighten,NA,NA,NA,NA,NA,NA,NA,NA,0,0,0,2.18181818181818,21.3636363636364,0.272727272727273,0,1,1,1
NA,D'Andre Rogers,NA,NA,NA,NA,NA,NA,NA,NA,0,0,0,2.90909090909091,27.2727272727273,0.181818181818182,0,0,0,1
NA,D.C. Temple,NA,NA,NA,NA,NA,NA,NA,NA,1,1,0,2.14285714285714,18.7142857142857,0.285714285714286,0,0,0,1
NA,Dae'Quan Wright,NA,NA,NA,NA,NA,NA,NA,NA,1,2,0,2.72727272727273,44.4545454545455,0.363636363636364,0,0,1,1
NA,Dahlyn Jones,NA,NA,NA,NA,NA,NA,NA,NA,0,0,0,1.33333333333333,4.16666666666667,0,0,0,0,1
NA,Dakota Taylor,NA,NA,NA,NA,NA,NA,NA,NA,0,0,0,1,6,0,0,0,0,1
NA,Dakota Twitty,NA,NA,NA,NA,NA,NA,NA,NA,0,0,0,2.2,25.8,0,0,0,0,1
NA,Dallan Coleman,NA,NA,NA,NA,NA,NA,NA,NA,0,0,0,0,0,0,0,0,0,1
NA,Dallas Holmes,NA,NA,NA,NA,NA,NA,NA,NA,0,0,0,2,16.25,0,0,0,0,1
NA,Dallas Payne,NA,NA,NA,NA,NA,NA,NA,NA,0,0,0,2.5,26.6,0.3,0,0,0,1
NA,Dallen Bentley,NA,NA,NA,NA,NA,NA,NA,NA,0,0,0,3.5,42.8333333333333,0.416666666666667,0,0,1,1
NA,Damar Jackson,NA,NA,NA,NA,NA,NA,NA,NA,0,0,0,1.5,22,0,0,0,0,1
NA,Damon Short,NA,NA,NA,NA,NA,NA,NA,NA,0,0,0,1,6,0,0,0,0,1
NA,Dan Dishman,NA,NA,NA,NA,NA,NA,NA,NA,0,0,0,1.66666666666667,16.6666666666667,0.166666666666667,0,0,0,1
NA,Dan Villari,NA,NA,NA,NA,NA,NA,NA,NA,2.83333333333333,9.16666666666667,0.166666666666667,3.54545454545455,37.4545454545455,0,0,0,0,1
NA,Daniel Evert,NA,NA,NA,NA,NA,NA,NA,NA,0,0,0,2,15,0,0,0,0,1
NA,Daniel Tarabrella,NA,NA,NA,NA,NA,NA,NA,NA,1,1,0,1.33333333333333,8.66666666666667,0.333333333333333,0,0,0,1
NA,Danny Joiner,NA,NA,NA,NA,NA,NA,NA,NA,0,0,0,1,5.5,0.5,0,0,0,1
NA,Danny Lewis Jr.,NA,NA,NA,NA,NA,NA,NA,NA,0,0,0,2,17,0,0,0,0,1
NA,Dante Daniels,NA,NA,NA,NA,NA,NA,NA,NA,0,0,0,1.5,13,0.25,0,0,0,1
NA,Darren Bennett,NA,NA,NA,NA,NA,NA,NA,NA,0,0,0,2,7,0,0,0,0,1
NA,Darrin Fugitt,NA,NA,NA,NA,NA,NA,NA,NA,1,-2,0,4,42.625,0.25,0,0,0,1
NA,Dasaahn Brame,NA,NA,NA,NA,NA,NA,NA,NA,0,0,0,2,21,0,0,0,0,1
NA,Daunte Bacheyie,NA,NA,NA,NA,NA,NA,NA,NA,0,0,0,1.25,10.5,0,0,0,0,1
NA,Dave Thomson,NA,NA,NA,NA,NA,NA,NA,NA,0,0,0,1,13.6666666666667,0,0,0,0,1
NA,David Alpers,NA,NA,NA,NA,NA,NA,NA,NA,0,0,0,1,6,0,0,0,0,1
NA,David Clement,NA,NA,NA,NA,NA,NA,NA,NA,0,0,0,1,10,0,0,0,0,1
NA,David Hulbert,NA,NA,NA,NA,NA,NA,NA,NA,0,0,0,1.4,6,0.2,0,0,0,1
NA,David Larkins,NA,NA,NA,NA,NA,NA,NA,NA,0,0,0,2.75,25.5,0.25,0,0,0,1
NA,David Prince,NA,NA,NA,NA,NA,NA,NA,NA,0,0,0,1,0,0,0,0,0,1
NA,Davin Stoffel,NA,NA,NA,NA,NA,NA,NA,NA,0,0,0,1,24,0,0,0,0,1
NA,Davis LeDoyen,NA,NA,NA,NA,NA,NA,NA,NA,1,15.5,0,1,17,0,0,0,0,1
NA,Davon Mitchell,NA,NA,NA,NA,NA,NA,NA,NA,0,0,0,1,8,0,0,0,0,1
NA,Dawson Adams-Grenier,NA,NA,NA,NA,NA,NA,NA,NA,0,0,0,1,11,0.2,0,0,0,1
NA,Dawson Hearne,NA,NA,NA,NA,NA,NA,NA,NA,0,0,0,1.66666666666667,16.8333333333333,1,0,0,0,1
NA,Dawson Johnson,NA,NA,NA,NA,NA,NA,NA,NA,0,0,0,1.42857142857143,14.1428571428571,0.142857142857143,0,0,0,1
NA,Deakon Tonielli,NA,NA,NA,NA,NA,NA,NA,NA,0,0,0,1.5,13,0,0,0,0,1
NA,Decker DeGraaf,NA,NA,NA,NA,NA,NA,NA,NA,0,0,0,3.1,35.3,0.2,1,0,0,1
NA,Declan McKevitt,NA,NA,NA,NA,NA,NA,NA,NA,0,0,0,1.6,11.2,0,0,0,0,1
NA,Dedrick Borden,NA,NA,NA,NA,NA,NA,NA,NA,0,0,0,0,0,0,0,0,0,1
NA,Denin Limouris,NA,NA,NA,NA,NA,NA,NA,NA,0,0,0,1,4,1,0,0,0,1
NA,Derek Anderson,NA,NA,NA,NA,NA,NA,NA,NA,0,0,0,2.22222222222222,20.4444444444444,0.222222222222222,0,0,0,1
NA,Derek Varley,NA,NA,NA,NA,NA,NA,NA,NA,0,0,0,2.25,17.75,0,0,0,0,1
NA,Derick Harden,NA,NA,NA,NA,NA,NA,NA,NA,0,0,0,1.75,21,0.5,0,0,0,1
NA,DeShawn Hanika,NA,NA,NA,NA,NA,NA,NA,NA,0,0,0,2.5,24.25,0.75,0,0,0,1
NA,Desirrio Riles,NA,NA,NA,NA,NA,NA,NA,NA,0,0,0,2.8,36.2,0.2,0,0,0,1
NA,Devin Habermehl,NA,NA,NA,NA,NA,NA,NA,NA,0,0,0,0,0,0,0,0,0,1
NA,Devin Kennedy,NA,NA,NA,NA,NA,NA,NA,NA,0,0,0,1.33333333333333,14.6666666666667,0.333333333333333,0,0,0,1
NA,Devon Akers,NA,NA,NA,NA,NA,NA,NA,NA,0,0,0,1,7,1,0,0,0,1
NA,Devon Tauaefa,NA,NA,NA,NA,NA,NA,NA,NA,0,0,0,1.375,11.25,0,0,0,0,1
NA,Devyn Gibbs,NA,NA,NA,NA,NA,NA,NA,NA,0,0,0,1.77777777777778,16.5555555555556,0,0,0,0,1
NA,Dillon Galloway,NA,NA,NA,NA,NA,NA,NA,NA,0,0,0,1,7,0,0,0,0,1
NA,Dillon Golden,NA,NA,NA,NA,NA,NA,NA,NA,0,0,0,1.25,9.75,0,0,0,0,1
NA,Dillon Hipp,NA,NA,NA,NA,NA,NA,NA,NA,0,0,0,1,5.66666666666667,0,0,0,0,1
NA,DJ Asiasi,NA,NA,NA,NA,NA,NA,NA,NA,0,0,0,1,5,0,0,0,0,1
NA,DJ Vonnahme,NA,NA,NA,NA,NA,NA,NA,NA,0,0,0,2.44444444444444,32,0.222222222222222,0,0,0,1
NA,Dominic Deluca,NA,NA,NA,NA,NA,NA,NA,NA,0,0,0,1,7,0,0,0,0,1
NA,Donovan Green,NA,NA,NA,NA,NA,NA,NA,NA,0,0,0,2,40,0,0,0,0,1
NA,Donovan Payne,NA,NA,NA,NA,NA,NA,NA,NA,0,0,0,1.71428571428571,21.7142857142857,0.142857142857143,0,0,0,1
NA,Donovan Price,NA,NA,NA,NA,NA,NA,NA,NA,0,0,0,1.5,15.25,0,0,0,0,1
NA,Dorian Fleming,NA,NA,NA,NA,NA,NA,NA,NA,0,0,0,3.63636363636364,31.9090909090909,0.272727272727273,0,0,0,1
NA,Dorian Thomas,NA,NA,NA,NA,NA,NA,NA,NA,0,0,0,4.41666666666667,45.4166666666667,0.333333333333333,0,1,1,1
NA,Drake Martinez,NA,NA,NA,NA,NA,NA,NA,NA,0,0,0,2,13.7777777777778,0.111111111111111,0,0,0,1
NA,Drew Biber,NA,NA,NA,NA,NA,NA,NA,NA,0,0,0,1.5,11.3333333333333,0,0,0,0,1
NA,Drew Cassens,NA,NA,NA,NA,NA,NA,NA,NA,0,0,0,1,11,0.2,0,0,0,1
NA,Drew Danson,NA,NA,NA,NA,NA,NA,NA,NA,0,0,0,1.2,7.8,0,0,0,0,1
NA,Dupree Fuller,NA,NA,NA,NA,NA,NA,NA,NA,0,0,0,1.85714285714286,22.7142857142857,0.142857142857143,0,0,0,1
NA,Dylan Burk,NA,NA,NA,NA,NA,NA,NA,NA,0,0,0,1.5,13.75,0,0,0,0,1
NA,Dylan Lawson,NA,NA,NA,NA,NA,NA,NA,NA,0,0,0,1,7,0,0,0,0,1
NA,Dylan Magazu,NA,NA,NA,NA,NA,NA,NA,NA,0,0,0,1.57142857142857,24,0.285714285714286,0,0,0,1
NA,Dylan Wade,NA,NA,NA,NA,NA,NA,NA,NA,0,0,0,4.3,52.3,0.5,0,0,0,1
NA,Efrain Quiles,NA,NA,NA,NA,NA,NA,NA,NA,0,0,0,0,0,0,0,0,1,1
NA,EJ Core,NA,NA,NA,NA,NA,NA,NA,NA,1.5,0.5,0,1.14285714285714,13.1428571428571,0,0,1,1,1
NA,Eli Finley,NA,NA,NA,NA,NA,NA,NA,NA,0,0,0,3.7,44.1,0,0,0,0,1
NA,Eli Jacon-Duffy,NA,NA,NA,NA,NA,NA,NA,NA,0,0,0,1,22,0,0,0,0,1
NA,Eli Mahan,NA,NA,NA,NA,NA,NA,NA,NA,0,0,0,1.5,7,0.5,0,0,0,1
NA,Eli Raridon,NA,NA,NA,NA,NA,NA,NA,NA,0,0,0,3.55555555555556,53.5555555555556,0,0,0,0,1
NA,Eli Stowers,NA,NA,NA,NA,NA,NA,NA,NA,1,1,0,5.08333333333333,63.75,0.333333333333333,0,0,0,1
NA,Elija Lofton,NA,NA,NA,NA,NA,NA,NA,NA,1,3.5,0,1.90909090909091,17.7272727272727,0.272727272727273,0,0,0,1
NA,Elijah Lagg,NA,NA,NA,NA,NA,NA,NA,NA,0,0,0,1.81818181818182,14.9090909090909,0,0,1,1,1
NA,Elijah Sessoms,NA,NA,NA,NA,NA,NA,NA,NA,0,0,0,2.44444444444444,21.1111111111111,0.222222222222222,0,1,1,1
NA,Elijah Smalls,NA,NA,NA,NA,NA,NA,NA,NA,0,0,0,1.5,18.5,0.125,0,0,0,1
NA,Elijah Washington-Baker,NA,NA,NA,NA,NA,NA,NA,NA,0,0,0,1,17,1,0,0,0,1
NA,Elvin Fofanah,NA,NA,NA,NA,NA,NA,NA,NA,0,0,0,1,21,0.333333333333333,0,0,0,1
NA,Elyiss Williams,NA,NA,NA,NA,NA,NA,NA,NA,0,0,0,1.4,23.4,0.2,0,0,0,1
NA,Emaree Winston,NA,NA,NA,NA,NA,NA,NA,NA,0,0,0,1,23.5,0,0,0,0,1
NA,Eni Falayi,NA,NA,NA,NA,NA,NA,NA,NA,0,0,0,2.71428571428571,31.1428571428571,0.285714285714286,0,0,0,1
NA,Eric Olsen,NA,NA,NA,NA,NA,NA,NA,NA,1.4,6.2,0,4.25,47.1666666666667,0.166666666666667,0,0,0,1
NA,Ethan Conner,NA,NA,NA,NA,NA,NA,NA,NA,1,0,0,2.88888888888889,40.2222222222222,0.333333333333333,0,0,0,1
NA,Ethan Davis,NA,NA,NA,NA,NA,NA,NA,NA,0,0,0,3.5,42.8333333333333,0.333333333333333,0,0,0,1
NA,Ethan Dirrim,NA,NA,NA,NA,NA,NA,NA,NA,0,0,0,0,0,0,0,0,0,1
NA,Ethan Hosak,NA,NA,NA,NA,NA,NA,NA,NA,0,0,0,1.66666666666667,17.5555555555556,0.222222222222222,0,1,1,1
NA,Ethan John,NA,NA,NA,NA,NA,NA,NA,NA,0,0,0,1.5,24.5,0,0,0,0,1
NA,Ethan Malafa,NA,NA,NA,NA,NA,NA,NA,NA,0,0,0,1.2,13.2,0.2,0,0,0,1
NA,Evan Chieca,NA,NA,NA,NA,NA,NA,NA,NA,0,0,0,3.1,25.5,0.4,0,0,0,1
NA,Evan Dangler,NA,NA,NA,NA,NA,NA,NA,NA,0,0,0,1,1,1,0,0,0,1
NA,Evan King,NA,NA,NA,NA,NA,NA,NA,NA,0,0,0,3,22.6666666666667,0,0,0,0,1
NA,Evan Poticher,NA,NA,NA,NA,NA,NA,NA,NA,0,0,0,1,5,0,0,0,0,1
NA,Evan Shafer,NA,NA,NA,NA,NA,NA,NA,NA,0,0,0,1.42857142857143,13,0.285714285714286,0,0,0,1
NA,Evan Stein,NA,NA,NA,NA,NA,NA,NA,NA,0,0,0,2,6,0,0,0,0,1
NA,Evan Svoboda,NA,NA,NA,NA,NA,NA,NA,NA,1.25,3,0,1.83333333333333,15.3333333333333,0.166666666666667,0,0,0,1
NA,Everett Hunter,NA,NA,NA,NA,NA,NA,NA,NA,0,0,0,2.18181818181818,25.7272727272727,0.272727272727273,0,0,0,1
NA,Fabian Rogosch,NA,NA,NA,NA,NA,NA,NA,NA,0,0,0,0,0,0,0,0,0,1
NA,Finn Diggins,NA,NA,NA,NA,NA,NA,NA,NA,0,0,0,2,22.25,0,0,0,0,1
NA,Fisher Clements,NA,NA,NA,NA,NA,NA,NA,NA,0,0,0,1.33333333333333,9,0,0,0,0,1
NA,Francisco Pratts III,NA,NA,NA,NA,NA,NA,NA,NA,0,0,0,1,5,0,0,0,0,1
NA,Frank Bierman,NA,NA,NA,NA,NA,NA,NA,NA,0,0,0,1,4,0,0,0,0,1
NA,Gabe Burkle,NA,NA,NA,NA,NA,NA,NA,NA,1,1,0,2.88888888888889,33.5555555555556,0.111111111111111,0,0,0,1
NA,Gabe Fisher,NA,NA,NA,NA,NA,NA,NA,NA,0,0,0,1,3,0,0,0,0,1
NA,Gabe Hoffmann,NA,NA,NA,NA,NA,NA,NA,NA,0,0,0,1,19,0,0,0,0,1
NA,Gabe Lovorn,NA,NA,NA,NA,NA,NA,NA,NA,0,0,0,0,0,0,0,0,0,1
NA,Gabe Milbourn,NA,NA,NA,NA,NA,NA,NA,NA,0,0,0,2.42857142857143,26.4285714285714,0.142857142857143,0,0,0,1
NA,Garrett Guess,NA,NA,NA,NA,NA,NA,NA,NA,0,0,0,1.5,14,0.5,0,0,0,1
NA,Garrett Harrold,NA,NA,NA,NA,NA,NA,NA,NA,0,0,0,1.6,8.2,0.2,0,0,0,1
NA,Garrett Long,NA,NA,NA,NA,NA,NA,NA,NA,0,0,0,0,0,0,0,0,0,1
NA,Garrett Oakley,NA,NA,NA,NA,NA,NA,NA,NA,0,0,0,3.8,38.9,0.6,0,1,1,1
NA,Garrison Curry,NA,NA,NA,NA,NA,NA,NA,NA,0,0,0,1,6.5,0.25,0,0,0,1
NA,Gavin Grover,NA,NA,NA,NA,NA,NA,NA,NA,0,0,0,1.5,23.5,0,0,0,0,1
NA,Gavin Harris,NA,NA,NA,NA,NA,NA,NA,NA,0,0,0,3,42.8333333333333,0.0833333333333333,0,0,0,1
NA,Gavin Nelson,NA,NA,NA,NA,NA,NA,NA,NA,0,0,0,2.5,35,0,0,0,0,1
NA,Gavin Noe,NA,NA,NA,NA,NA,NA,NA,NA,0,0,0,0,0,0,0,0,0,1
NA,Gavin Yohn,NA,NA,NA,NA,NA,NA,NA,NA,0,0,0,1,5,0,0,0,0,1
NA,Gavyn Hays,NA,NA,NA,NA,NA,NA,NA,NA,0,0,0,1,15,0,0,0,0,1
NA,George Burhenn,NA,NA,NA,NA,NA,NA,NA,NA,0,0,0,3,31.3333333333333,0,0,0,0,1
NA,Gerard Bullock,NA,NA,NA,NA,NA,NA,NA,NA,0,0,0,2.1,14.1,0.1,0,0,1,1
NA,Gerard Edimo,NA,NA,NA,NA,NA,NA,NA,NA,0,0,0,1,24.5,0,0,0,0,1
NA,Graham Smith,NA,NA,NA,NA,NA,NA,NA,NA,0,0,0,1.33333333333333,9.33333333333333,0.333333333333333,0,0,0,1
NA,Grant Hollier,NA,NA,NA,NA,NA,NA,NA,NA,0,0,0,2.625,36,0.5,0,0,0,1
NA,Grant Norberg,NA,NA,NA,NA,NA,NA,NA,NA,0,0,0,1,4,0,0,0,0,1
NA,Grant Romfo,NA,NA,NA,NA,NA,NA,NA,NA,0,0,0,2,17,0,0,0,0,1
NA,Grant Stec,NA,NA,NA,NA,NA,NA,NA,NA,0,0,0,1.25,13,0,0,0,0,1
NA,Grayson Barnes,NA,NA,NA,NA,NA,NA,NA,NA,0,0,0,2.33333333333333,25.7777777777778,0.222222222222222,0,1,1,1
NA,Grayson Brousseau,NA,NA,NA,NA,NA,NA,NA,NA,0,0,0,1.4,9,0,0,0,0,1
NA,Greyson Labiad,NA,NA,NA,NA,NA,NA,NA,NA,0,0,0,1,6,0,0,0,0,1
NA,Greyton Gannon,NA,NA,NA,NA,NA,NA,NA,NA,0,0,0,2.41666666666667,26.6666666666667,0.25,0,0,1,1
NA,Griffin Reimer,NA,NA,NA,NA,NA,NA,NA,NA,0,0,0,1,7,0,0,0,0,1
NA,Guiseann Mirtil,NA,NA,NA,NA,NA,NA,NA,NA,0,0,0,1,8,0,0,0,0,1
NA,Gus McGee,NA,NA,NA,NA,NA,NA,NA,NA,0,0,0,1.75,15.875,0.125,0,0,0,1
NA,Hank Gibbs,NA,NA,NA,NA,NA,NA,NA,NA,2.375,4.875,0.125,2,26,0,0,0,0,1
NA,Harrison Hamsley,NA,NA,NA,NA,NA,NA,NA,NA,0,0,0,1,2,0,0,0,0,1
NA,Harrison Saint Germain,NA,NA,NA,NA,NA,NA,NA,NA,0,0,0,1.33333333333333,9.33333333333333,0,0,0,0,1
NA,Haven Mullins,NA,NA,NA,NA,NA,NA,NA,NA,0,0,0,2,16,0.5,0,0,0,1
NA,Hayden Daugherty,NA,NA,NA,NA,NA,NA,NA,NA,0,0,0,1.375,10.875,0,0,0,0,1
NA,Hayden Erickson,NA,NA,NA,NA,NA,NA,NA,NA,0,0,0,1,8,0,0,0,0,1
NA,Hayden George,NA,NA,NA,NA,NA,NA,NA,NA,1,24,0,1.625,15,0,0,0,0,1
NA,Hayden Hagler,NA,NA,NA,NA,NA,NA,NA,NA,0,0,0,1,8,0,0,0,0,1
NA,Hayden Hansen,NA,NA,NA,NA,NA,NA,NA,NA,0,0,0,2.72727272727273,23.0909090909091,0.181818181818182,0,1,1,1
NA,Hayden Kincheloe,NA,NA,NA,NA,NA,NA,NA,NA,1.63636363636364,3.63636363636364,0.0909090909090909,0,0,0,0,0,0,1
NA,Hayden Large,NA,NA,NA,NA,NA,NA,NA,NA,0,0,0,1.33333333333333,8.66666666666667,0,0,0,0,1
NA,Haydn Stay,NA,NA,NA,NA,NA,NA,NA,NA,0,0,0,1.5,18.25,0.25,0,0,0,1
NA,Heinrich Haarberg,NA,NA,NA,NA,NA,NA,NA,NA,1.28571428571429,1.28571428571429,0,1.33333333333333,8.66666666666667,0.166666666666667,0,1,1,1
NA,Henry Boyer,NA,NA,NA,NA,NA,NA,NA,NA,0,0,0,1.25,15.5,0,1,0,0,1
NA,Henry Dryden,NA,NA,NA,NA,NA,NA,NA,NA,0,0,0,1.4,12.8,0,0,0,0,1
NA,Hogan Hansen,NA,NA,NA,NA,NA,NA,NA,NA,0,0,0,3,43,0,0,0,0,1
NA,Holden Staes,NA,NA,NA,NA,NA,NA,NA,NA,0,0,0,1.4,12.4,0.4,0,0,0,1
NA,Houston Thomas,NA,NA,NA,NA,NA,NA,NA,NA,0,0,0,2.83333333333333,28.9166666666667,0.166666666666667,0,0,0,1
NA,Hudson Cedarland,NA,NA,NA,NA,NA,NA,NA,NA,0,0,0,1,4,0,0,0,0,1
NA,Hudson Habermehl,NA,NA,NA,NA,NA,NA,NA,NA,0,0,0,2,13.8,0,0,0,0,1
NA,Hunter Andrews,NA,NA,NA,NA,NA,NA,NA,NA,3.25,28.25,0.25,3.33333333333333,21.6666666666667,0,0,0,0,1
NA,Hunter Ditrano,NA,NA,NA,NA,NA,NA,NA,NA,0,0,0,1.25,8,0.25,0,0,0,1
NA,Hunter Green,NA,NA,NA,NA,NA,NA,NA,NA,0,0,0,1,15,0,0,0,0,1
NA,Hunter Hopperton,NA,NA,NA,NA,NA,NA,NA,NA,0,0,0,1.25,9.5,0,0,0,0,1
NA,Hunter Provience,NA,NA,NA,NA,NA,NA,NA,NA,0,0,0,2,27.75,0.25,0,0,0,1
NA,Hunter Tipton,NA,NA,NA,NA,NA,NA,NA,NA,0,0,0,3.25,34.25,0.166666666666667,0,0,0,1
NA,Hunter Welcing,NA,NA,NA,NA,NA,NA,NA,NA,0,0,0,2.45454545454545,25.7272727272727,0.181818181818182,0,0,0,1
NA,Huseyin Simsir,NA,NA,NA,NA,NA,NA,NA,NA,0,0,0,1.25,10.25,0,0,0,0,1
NA,Hyatt Timosciek,NA,NA,NA,NA,NA,NA,NA,NA,0,0,0,1.8,18.1,0,0,1,1,1
NA,Ian Schieffelin,NA,NA,NA,NA,NA,NA,NA,NA,0,0,0,1,5,0,0,0,0,1
NA,Ian Simpson,NA,NA,NA,NA,NA,NA,NA,NA,0,0,0,2.36363636363636,35.9090909090909,0.181818181818182,0,0,0,1
NA,Ikeem Wright,NA,NA,NA,NA,NA,NA,NA,NA,0,0,0,1.71428571428571,18.5714285714286,0.142857142857143,0,1,1,1
NA,Isaac McLellan,NA,NA,NA,NA,NA,NA,NA,NA,1,22,0,0,0,0,0,0,0,1
NA,Isaac Schoenfeld,NA,NA,NA,NA,NA,NA,NA,NA,0,0,0,1,8,0,0,0,0,1
NA,Isaiah Grimes,NA,NA,NA,NA,NA,NA,NA,NA,0,0,0,2.55555555555556,22.2222222222222,0.333333333333333,0,0,0,1
NA,Izayah Cummings,NA,NA,NA,NA,NA,NA,NA,NA,0,0,0,4.625,46.75,0.125,0,0,0,1
NA,J.C. Sivley,NA,NA,NA,NA,NA,NA,NA,NA,0,0,0,1.2,11.8,0,0,0,0,1
NA,J.T. Byrne,NA,NA,NA,NA,NA,NA,NA,NA,1,-1,0,1.25,9,0.25,0,0,0,1
NA,Ja'Ricous Hairston,NA,NA,NA,NA,NA,NA,NA,NA,0,0,0,1.5,14,0.375,0,0,0,1
NA,Jabari Bush,NA,NA,NA,NA,NA,NA,NA,NA,0,0,0,2,14,0,0,0,0,1
NA,Jace Henry,NA,NA,NA,NA,NA,NA,NA,NA,0,0,0,1.16666666666667,7.16666666666667,0,0,0,0,1
NA,Jack Bohm-Squicciarini,NA,NA,NA,NA,NA,NA,NA,NA,0,0,0,1.25,10.5,0,0,0,0,1
NA,Jack Donnelly,NA,NA,NA,NA,NA,NA,NA,NA,0,0,0,1.25,17,0,0,0,0,1
NA,Jack Endries,NA,NA,NA,NA,NA,NA,NA,NA,0,0,0,2.54545454545455,28.2727272727273,0.181818181818182,0,0,0,1
NA,Jack Ewell,NA,NA,NA,NA,NA,NA,NA,NA,0,0,0,1,7.5,0,0,0,0,1
NA,Jack Larsen,NA,NA,NA,NA,NA,NA,NA,NA,0,0,0,1,10,0,0,0,0,1
NA,Jack Neri,NA,NA,NA,NA,NA,NA,NA,NA,0,0,0,1.3,11.9,0.4,0,0,0,1
NA,Jack Pedersen,NA,NA,NA,NA,NA,NA,NA,NA,0,0,0,1.57142857142857,10.2857142857143,0,0,0,0,1
NA,Jack Perozek,NA,NA,NA,NA,NA,NA,NA,NA,0,0,0,1,7.5,0,0,0,0,1
NA,Jack Van Dorselaer,NA,NA,NA,NA,NA,NA,NA,NA,0,0,0,1.25,5.75,0.25,0,0,0,1
NA,Jack Velling,NA,NA,NA,NA,NA,NA,NA,NA,0,0,0,3.27272727272727,32.6363636363636,0.272727272727273,0,0,0,1
NA,Jackson Acker,NA,NA,NA,NA,NA,NA,NA,NA,1.66666666666667,6.11111111111111,0,1.33333333333333,11,0.166666666666667,0,0,0,1
NA,Jackson Blee,NA,NA,NA,NA,NA,NA,NA,NA,0,0,0,3.57142857142857,44.4285714285714,0.428571428571429,0,0,0,1
NA,Jackson Canaan,NA,NA,NA,NA,NA,NA,NA,NA,0,0,0,2.75,26.25,0,0,0,0,1
NA,Jackson Conners-McCarthy,NA,NA,NA,NA,NA,NA,NA,NA,1.5,-0.5,0,2.8,15.6,0,0,0,0,1
NA,Jackson Ford,NA,NA,NA,NA,NA,NA,NA,NA,0,0,0,1.14285714285714,9.71428571428571,0,0,0,0,1
NA,Jackson Gister,NA,NA,NA,NA,NA,NA,NA,NA,0,0,0,1,11,0,0,0,0,1
NA,Jackson Head,NA,NA,NA,NA,NA,NA,NA,NA,0,0,0,2.14285714285714,24.4285714285714,0.142857142857143,0,0,0,1
NA,Jackson Kostmayer,NA,NA,NA,NA,NA,NA,NA,NA,0,0,0,1.33333333333333,11.6666666666667,0,0,0,0,1
NA,Jackson Lowe,NA,NA,NA,NA,NA,NA,NA,NA,0,0,0,1.375,9.625,0.125,0,0,0,1
NA,Jackson McGohan,NA,NA,NA,NA,NA,NA,NA,NA,0,0,0,1,11.6666666666667,0,0,0,0,1
NA,Jackson Pryor,NA,NA,NA,NA,NA,NA,NA,NA,0,0,0,1,12.5,0.25,0,0,0,1
NA,Jackson Verdugo,NA,NA,NA,NA,NA,NA,NA,NA,0,0,0,1.42857142857143,14.4285714285714,0.142857142857143,0,0,0,1
NA,Jackson West,NA,NA,NA,NA,NA,NA,NA,NA,0,0,0,2.33333333333333,22.6666666666667,0.333333333333333,0,0,0,1
NA,Jackson Worley,NA,NA,NA,NA,NA,NA,NA,NA,0,0,0,1.25,12.25,0.25,0,0,1,1
NA,Jacob Barrick,NA,NA,NA,NA,NA,NA,NA,NA,0,0,0,1.5,11.5,0,0,0,1,1
NA,Jacob Harris,NA,NA,NA,NA,NA,NA,NA,NA,0,0,0,1.9,18.2,0.5,0,0,0,1
NA,Jacob Jenkins,NA,NA,NA,NA,NA,NA,NA,NA,0,0,0,1.55555555555556,21.2222222222222,0.222222222222222,0,0,0,1
NA,Jacob Newell,NA,NA,NA,NA,NA,NA,NA,NA,0,0,0,1.33333333333333,4.66666666666667,0,0,0,0,1
NA,Jacob Petersen,NA,NA,NA,NA,NA,NA,NA,NA,0,0,0,1.83333333333333,22.9166666666667,0.166666666666667,0,0,0,1
NA,Jacob Ritchie,NA,NA,NA,NA,NA,NA,NA,NA,1,-6,0,1.2,13.6,0.2,0,0,0,1
NA,Jacob Stewart,NA,NA,NA,NA,NA,NA,NA,NA,0,0,0,1,17.5,0.25,0,0,0,1
NA,JaCorey Hyder,NA,NA,NA,NA,NA,NA,NA,NA,0,0,0,2,27.625,0.25,0,0,0,1
NA,Jaden Allen,NA,NA,NA,NA,NA,NA,NA,NA,0,0,0,2.11111111111111,20.7777777777778,0.111111111111111,0,0,1,1
NA,Jaden Fowler,NA,NA,NA,NA,NA,NA,NA,NA,0,0,0,1,9,0,0,0,0,1
NA,Jaden Hamm,NA,NA,NA,NA,NA,NA,NA,NA,0,0,0,0,0,0,0,0,0,1
NA,Jaden Platt,NA,NA,NA,NA,NA,NA,NA,NA,0,0,0,1.90909090909091,26.9090909090909,0.181818181818182,0,0,0,1
NA,Jaden Reddell,NA,NA,NA,NA,NA,NA,NA,NA,0,0,0,1,9,0,0,0,0,1
NA,Jaiden Dozier,NA,NA,NA,NA,NA,NA,NA,NA,1,-2,0,1.75,18,0.125,0,0,0,1
NA,Jake Appleget,NA,NA,NA,NA,NA,NA,NA,NA,0,0,0,1.16666666666667,9.5,0.166666666666667,0,0,0,1
NA,Jake Bruno,NA,NA,NA,NA,NA,NA,NA,NA,1,48,0,1.33333333333333,13,0.333333333333333,0,0,0,1
NA,Jake Cox,NA,NA,NA,NA,NA,NA,NA,NA,0,0,0,1.42857142857143,14.1428571428571,0.285714285714286,0,1,1,1
NA,Jake Johnson,NA,NA,NA,NA,NA,NA,NA,NA,0,0,0,2.66666666666667,24.8333333333333,0.166666666666667,0,0,0,1
NA,Jake Kucera,NA,NA,NA,NA,NA,NA,NA,NA,0,0,0,2,20,1,0,0,0,1
NA,Jake Norris,NA,NA,NA,NA,NA,NA,NA,NA,0,0,0,1,23,0,0,0,0,1
NA,Jake Overman,NA,NA,NA,NA,NA,NA,NA,NA,0,0,0,1.28571428571429,10.1428571428571,0.142857142857143,0,0,0,1
NA,Jake Scobey,NA,NA,NA,NA,NA,NA,NA,NA,0,0,0,1,4.5,0,0,0,0,1
NA,Jake Simpson,NA,NA,NA,NA,NA,NA,NA,NA,0,0,0,0,0,0,0,0,0,1
NA,Jake Tarwater,NA,NA,NA,NA,NA,NA,NA,NA,1,1,0,1.25,13,0,0,0,0,1
NA,Jake Taylor,NA,NA,NA,NA,NA,NA,NA,NA,0,0,0,1,10,0,0,0,0,1
NA,Jake Woods,NA,NA,NA,NA,NA,NA,NA,NA,0,0,0,1,15,0,0,0,0,1
NA,Jake Young,NA,NA,NA,NA,NA,NA,NA,NA,0,0,0,2,15,0,0,0,0,1
NA,Jakobie Hughes,NA,NA,NA,NA,NA,NA,NA,NA,0,0,0,1,9.33333333333333,0.166666666666667,0,0,0,1
NA,Jaleel Skinner,NA,NA,NA,NA,NA,NA,NA,NA,0,0,0,2.22222222222222,22.1111111111111,0.222222222222222,0,0,0,1
NA,Jalen Butler,NA,NA,NA,NA,NA,NA,NA,NA,0,0,0,1.5,9.83333333333333,0.166666666666667,0,0,0,1
NA,Jalen Hoffman,NA,NA,NA,NA,NA,NA,NA,NA,0,0,0,0,0,0,0,0,0,1
NA,Jamari Johnson,NA,NA,NA,NA,NA,NA,NA,NA,0,0,0,2.09090909090909,29.0909090909091,0.0909090909090909,0,0,0,1
NA,Jamauri Chislom,NA,NA,NA,NA,NA,NA,NA,NA,0,0,0,1.75,12.25,0,0,0,0,1
NA,James Falk,NA,NA,NA,NA,NA,NA,NA,NA,0,0,0,1,10,0,0,0,1,1
NA,Jameson Geers,NA,NA,NA,NA,NA,NA,NA,NA,1,0.5,0,2.16666666666667,17.1666666666667,0.333333333333333,0,0,1,1
NA,Jamie Tremble,NA,NA,NA,NA,NA,NA,NA,NA,0,0,0,1,1,0,0,0,0,1
NA,Jared Gibble,NA,NA,NA,NA,NA,NA,NA,NA,0,0,0,1,2,0,0,0,0,1
NA,Jaren Bowling,NA,NA,NA,NA,NA,NA,NA,NA,0,0,0,1.5,7.25,0,0,0,0,1
NA,Jaren Kanak,NA,NA,NA,NA,NA,NA,NA,NA,0,0,0,3.33333333333333,42.5833333333333,0,0,1,1,1
NA,Jaron Kelley,NA,NA,NA,NA,NA,NA,NA,NA,0,0,0,1.5,16.625,0.25,0,0,0,1
NA,Jase Skoglund,NA,NA,NA,NA,NA,NA,NA,NA,0,0,0,1.6,19.6,0,0,0,0,1
NA,Jason Fowler,NA,NA,NA,NA,NA,NA,NA,NA,0,0,0,2,14,0,0,0,0,1
NA,Jason Hoath Jr.,NA,NA,NA,NA,NA,NA,NA,NA,0,0,0,1,4,0,0,0,0,1
NA,Jason Jeffares,NA,NA,NA,NA,NA,NA,NA,NA,0,0,0,0,0,0,0,0,0,1
NA,Javon Charles,NA,NA,NA,NA,NA,NA,NA,NA,0,0,0,1.66666666666667,15.2222222222222,0.333333333333333,0,0,0,1
NA,Javonte Vereen,NA,NA,NA,NA,NA,NA,NA,NA,0,0,0,2.625,38.125,0.625,0,0,0,1
NA,Jax Markovich,NA,NA,NA,NA,NA,NA,NA,NA,0,0,0,1.4,7.6,0,0,0,1,1
NA,Jaxson Isaac,NA,NA,NA,NA,NA,NA,NA,NA,0,0,0,1.2,9.8,0.2,0,0,0,1
NA,Jaxxon Warren,NA,NA,NA,NA,NA,NA,NA,NA,0,0,0,3.5,47.5,0.5,0,0,0,1
NA,Jay Lindsey,NA,NA,NA,NA,NA,NA,NA,NA,0,0,0,1,-1,0,0,0,0,1
NA,Jayden O'Rourke,NA,NA,NA,NA,NA,NA,NA,NA,0,0,0,2,25,0,0,0,0,1
NA,Jayden Savoury,NA,NA,NA,NA,NA,NA,NA,NA,0,0,0,1,16,0,0,0,0,1
NA,Jaylin Mobley,NA,NA,NA,NA,NA,NA,NA,NA,0,0,0,1,1.5,0,0,0,0,1
NA,Jayvontay Conner,NA,NA,NA,NA,NA,NA,NA,NA,1,3.66666666666667,0,2.09090909090909,30.2727272727273,0.272727272727273,0,1,1,1
NA,Jed Castles,NA,NA,NA,NA,NA,NA,NA,NA,0,0,0,2.11111111111111,17.1111111111111,0.111111111111111,0,0,0,1
NA,Jeffrey Johnson,NA,NA,NA,NA,NA,NA,NA,NA,0,0,0,1,10,0,0,0,0,1
NA,Jelani Thurman,NA,NA,NA,NA,NA,NA,NA,NA,0,0,0,1.4,16.8,0.2,0,0,0,1
NA,Jency Riley,NA,NA,NA,NA,NA,NA,NA,NA,0,0,0,2,20.5,0.125,0,0,0,1
NA,Jeremiah Franklin,NA,NA,NA,NA,NA,NA,NA,NA,0,0,0,4,40.75,0.166666666666667,0,1,1,1
NA,Jeremiah Hasley,NA,NA,NA,NA,NA,NA,NA,NA,0,0,0,2.81818181818182,35,0.272727272727273,0,0,0,1
NA,Jeremiah Scoby,NA,NA,NA,NA,NA,NA,NA,NA,1,9,0,1,9,0,0,0,0,1
NA,Jeron Askren,NA,NA,NA,NA,NA,NA,NA,NA,0,0,0,1.88888888888889,24.7777777777778,0.555555555555556,0,0,0,1
NA,Jesse Miller,NA,NA,NA,NA,NA,NA,NA,NA,1,5,0,2.57142857142857,20,0.142857142857143,0,0,1,1
NA,Jeter Purdy,NA,NA,NA,NA,NA,NA,NA,NA,0,0,0,2.45454545454545,33.4545454545455,0.0909090909090909,0,0,0,1
NA,Jett Carpenter,NA,NA,NA,NA,NA,NA,NA,NA,0,0,0,2.91666666666667,31.1666666666667,0.166666666666667,0,0,0,1
NA,Jett Runion,NA,NA,NA,NA,NA,NA,NA,NA,0,0,0,0,0,0,0,0,0,1
NA,Jett Zabel,NA,NA,NA,NA,NA,NA,NA,NA,0,0,0,1,4,0,0,0,0,1
NA,Jewlyen Roberts,NA,NA,NA,NA,NA,NA,NA,NA,0,0,0,1,5,0.333333333333333,0,0,0,1
NA,Jimmy Casey,NA,NA,NA,NA,NA,NA,NA,NA,0,0,0,1,9.6,0.4,0,0,0,1
NA,JJ Buchanan,NA,NA,NA,NA,NA,NA,NA,NA,0,0,0,2.2,35.1,0.4,0,0,0,1
NA,JJ Douglas,NA,NA,NA,NA,NA,NA,NA,NA,0,0,0,0,0,0,0,0,0,1
NA,Joe McNab,NA,NA,NA,NA,NA,NA,NA,NA,0,0,0,1.5,14.5,0.5,0,0,0,1
NA,Joe Royer,NA,NA,NA,NA,NA,NA,NA,NA,0,0,0,2.41666666666667,34.6666666666667,0.333333333333333,0,0,0,1
NA,Joey Bemis,NA,NA,NA,NA,NA,NA,NA,NA,0,0,0,2,20,0,0,0,0,1
NA,Joey Schlaffer,NA,NA,NA,NA,NA,NA,NA,NA,0,0,0,1,19,1,0,0,0,1
NA,Joey Wassler,NA,NA,NA,NA,NA,NA,NA,NA,0,0,0,1.71428571428571,14.7142857142857,0,0,0,0,1
NA,Johans Bars,NA,NA,NA,NA,NA,NA,NA,NA,0,0,0,1.25,13,0.25,1,0,0,1
NA,John Condakes,NA,NA,NA,NA,NA,NA,NA,NA,0,0,0,0,0,0,0,0,0,1
NA,John Grant,NA,NA,NA,NA,NA,NA,NA,NA,0,0,0,1,4,0,0,0,0,1
NA,John McIntyre,NA,NA,NA,NA,NA,NA,NA,NA,0,0,0,1.57142857142857,13.7142857142857,0.142857142857143,0,0,0,1
NA,John Morris,NA,NA,NA,NA,NA,NA,NA,NA,0,0,0,1.2,8.2,0,0,0,0,1
NA,John Rogers,NA,NA,NA,NA,NA,NA,NA,NA,0,0,0,1.75,22.75,0.25,0,0,0,1
NA,Johncarlos Miller II,NA,NA,NA,NA,NA,NA,NA,NA,0,0,0,1.8,15.4,0,0,0,0,1
NA,Johnmichael Gyllenborg,NA,NA,NA,NA,NA,NA,NA,NA,0,0,0,4,36.1666666666667,0.166666666666667,0,0,0,1
NA,Johnny Pascuzzi,NA,NA,NA,NA,NA,NA,NA,NA,0,0,0,1.83333333333333,25,0.166666666666667,0,0,0,1
NA,Jonathan Echols,NA,NA,NA,NA,NA,NA,NA,NA,0,0,0,1.28571428571429,15.5714285714286,0.428571428571429,0,0,0,1
NA,Jordan Anderson,NA,NA,NA,NA,NA,NA,NA,NA,1.4,5.2,0.2,3,12,0,0,0,0,1
NA,Jordan Andrus,NA,NA,NA,NA,NA,NA,NA,NA,0,0,0,1,9,0,0,0,0,1
NA,Jordan Collins,NA,NA,NA,NA,NA,NA,NA,NA,0,0,0,1,3,0,0,0,0,1
NA,Jordan Dingle,NA,NA,NA,NA,NA,NA,NA,NA,0,0,0,1.66666666666667,22.6666666666667,0,0,0,0,1
NA,Jordan Owens,NA,NA,NA,NA,NA,NA,NA,NA,0,0,0,1.2,7.8,0.2,0,0,0,1
NA,Jordan Washington,NA,NA,NA,NA,NA,NA,NA,NA,0,0,0,1.16666666666667,18.1666666666667,0.166666666666667,0,0,0,1
NA,Jordan Williams,NA,NA,NA,NA,NA,NA,NA,NA,0,0,0,1.57142857142857,24.2857142857143,0.142857142857143,0,0,0,1
NA,Jordon Harris,NA,NA,NA,NA,NA,NA,NA,NA,0,0,0,1,11.6666666666667,0,0,0,0,1
NA,Joseph Bearns III,NA,NA,NA,NA,NA,NA,NA,NA,1,0,0,1.5,7.33333333333333,0.166666666666667,0,0,0,1
NA,Joseph Madden,NA,NA,NA,NA,NA,NA,NA,NA,0,0,0,0,0,0,0,0,0,1
NA,Joseph Marranca,NA,NA,NA,NA,NA,NA,NA,NA,0,0,0,1.375,11.375,0,0,0,0,1
NA,Joseph Moreland,NA,NA,NA,NA,NA,NA,NA,NA,0,0,0,1.85714285714286,18.1428571428571,0,0,0,0,1
NA,Josh Altsman,NA,NA,NA,NA,NA,NA,NA,NA,0,0,0,2,17,0.333333333333333,0,0,0,1
NA,Josh Beetham,NA,NA,NA,NA,NA,NA,NA,NA,0,0,0,1.25,32.75,0.5,0,0,0,1
NA,Josh Cuevas,NA,NA,NA,NA,NA,NA,NA,NA,1,7,0,3,34.1,0.4,0,0,0,1
NA,Josh Ford,NA,NA,NA,NA,NA,NA,NA,NA,0,0,0,1,15,0.333333333333333,0,0,0,1
NA,Josh Gale,NA,NA,NA,NA,NA,NA,NA,NA,0,0,0,2.4,32,0.6,0,0,0,1
NA,Josh Kattus,NA,NA,NA,NA,NA,NA,NA,NA,0,0,0,2.125,24.375,0.25,0,0,0,1
NA,Josh Phifer,NA,NA,NA,NA,NA,NA,NA,NA,0,0,0,1,12.6666666666667,0.333333333333333,0,0,0,1
NA,Josh Sapp,NA,NA,NA,NA,NA,NA,NA,NA,0,0,0,1.125,17.5,0,0,0,0,1
NA,Josh Smith,NA,NA,NA,NA,NA,NA,NA,NA,0,0,0,1.375,11.875,0.25,0,1,1,1
NA,Josh Sterzer,NA,NA,NA,NA,NA,NA,NA,NA,0,0,0,1.4,11.2,0.2,0,0,1,1
NA,Joshua Burrell,NA,NA,NA,NA,NA,NA,NA,NA,1,4,0,3.27272727272727,26.3636363636364,0.181818181818182,0,1,1,1
NA,Joshua Long,NA,NA,NA,NA,NA,NA,NA,NA,0,0,0,3.08333333333333,29.75,0.25,0,0,0,1
NA,Joshua Pikl,NA,NA,NA,NA,NA,NA,NA,NA,0,0,0,1.75,13,0.25,0,0,0,1
NA,Josiah Thomas,NA,NA,NA,NA,NA,NA,NA,NA,0,0,0,3.11111111111111,25.3333333333333,0.333333333333333,0,0,0,1
NA,JP Mikhael,NA,NA,NA,NA,NA,NA,NA,NA,0,0,0,2,7,0,0,0,0,1
NA,Judah Ezinwa,NA,NA,NA,NA,NA,NA,NA,NA,0,0,0,1.33333333333333,25.3333333333333,0,0,0,0,1
NA,Jude James,NA,NA,NA,NA,NA,NA,NA,NA,0,0,0,2,27,0.666666666666667,0,0,0,1
NA,Julian Nixon,NA,NA,NA,NA,NA,NA,NA,NA,1,0.333333333333333,0.333333333333333,1.5,15.1,0.1,0,0,0,1
NA,Julien Randolph,NA,NA,NA,NA,NA,NA,NA,NA,0,0,0,1.5,38.5,0.5,0,0,0,1
NA,Justin Cayenne,NA,NA,NA,NA,NA,NA,NA,NA,0,0,0,1.4,12.2,0,0,0,0,1
NA,Justin Erb,NA,NA,NA,NA,NA,NA,NA,NA,0,0,0,1.5,9,0.5,0,0,0,1
NA,Justin Holmes,NA,NA,NA,NA,NA,NA,NA,NA,0,0,0,2.2,20.1,0.4,0,0,1,1
NA,Justin Joly,NA,NA,NA,NA,NA,NA,NA,NA,0,0,0,4.27272727272727,42.5454545454545,0.636363636363636,0,0,0,1
NA,Justin Wolf,NA,NA,NA,NA,NA,NA,NA,NA,0,0,0,1,9.5,0,0,0,0,1
NA,Justyn Reid,NA,NA,NA,NA,NA,NA,NA,NA,0,0,0,1.45454545454545,15.5454545454545,0.181818181818182,0,0,0,1
NA,Jyrin Johnson,NA,NA,NA,NA,NA,NA,NA,NA,0,0,0,3.08333333333333,38.8333333333333,0.166666666666667,0,0,0,1
NA,Ka'Morreun Pimpton,NA,NA,NA,NA,NA,NA,NA,NA,0,0,0,1,3,1,0,0,0,1
NA,Kache Kaio,NA,NA,NA,NA,NA,NA,NA,NA,0,0,0,1,6,0,0,0,0,1
NA,Kade Eldridge,NA,NA,NA,NA,NA,NA,NA,NA,1,1,1,1,6,0,0,0,0,1
NA,Kaden Eggett,NA,NA,NA,NA,NA,NA,NA,NA,0,0,0,2.4,26.6,0,0,1,1,1
NA,Kaden Helms,NA,NA,NA,NA,NA,NA,NA,NA,0,0,0,1,7,0.2,0,0,0,1
NA,Kaden Zenzen,NA,NA,NA,NA,NA,NA,NA,NA,0,0,0,1,9,0,0,0,0,1
NA,Kadinn Morris,NA,NA,NA,NA,NA,NA,NA,NA,0,0,1,2,25.1428571428571,0.285714285714286,0,0,0,1
NA,Kaelan Chudzinski,NA,NA,NA,NA,NA,NA,NA,NA,0,0,0,2.18181818181818,28.4545454545455,0.363636363636364,0,0,0,1
NA,Kai Rios,NA,NA,NA,NA,NA,NA,NA,NA,0,0,0,1,1,1,0,0,0,1
NA,Kaleb Edwards,NA,NA,NA,NA,NA,NA,NA,NA,0,0,0,1.14285714285714,15.4285714285714,0.142857142857143,0,0,0,1
NA,Kaleb Heatherly,NA,NA,NA,NA,NA,NA,NA,NA,0,0,0,1.7,22.3,0.2,0,0,0,1
NA,Kameron Anthony,NA,NA,NA,NA,NA,NA,NA,NA,0,0,0,1.16666666666667,19.5,0.333333333333333,0,0,0,1
NA,Kamrean Johnson,NA,NA,NA,NA,NA,NA,NA,NA,0,0,0,1.5,16.3333333333333,0,0,0,1,1
NA,Kamron Beachem,NA,NA,NA,NA,NA,NA,NA,NA,0,0,0,1.4,26.6,0,0,0,0,1
NA,Kanen Hamlett,NA,NA,NA,NA,NA,NA,NA,NA,0,0,0,2,22.8333333333333,0.333333333333333,0,0,0,1
NA,Karl Peterson,NA,NA,NA,NA,NA,NA,NA,NA,0,0,0,0,0,0,0,0,0,1
NA,Kayden Stuit,NA,NA,NA,NA,NA,NA,NA,NA,0,0,0,1.5,7,0,0,0,0,1
NA,Ke'Untae Mosley,NA,NA,NA,NA,NA,NA,NA,NA,0,0,0,1.5,15,0.25,0,0,0,1
NA,Kealen Juniel,NA,NA,NA,NA,NA,NA,NA,NA,0,0,0,1,14,0,0,0,0,1
NA,Kelsey Johnson,NA,NA,NA,NA,NA,NA,NA,NA,0,0,0,1.5,16.5,0,0,0,0,1
NA,Kenny Fletcher,NA,NA,NA,NA,NA,NA,NA,NA,0,0,0,2.36363636363636,21.4545454545455,0,0,0,0,1
NA,Kenyon Sadiq,NA,NA,NA,NA,NA,NA,NA,NA,1,2,0,3.63636363636364,44.5454545454545,0.727272727272727,0,0,1,1
NA,Kevin Schaeffer,NA,NA,NA,NA,NA,NA,NA,NA,0,0,0,1,29,1,0,0,0,1
NA,Keyan Burnett,NA,NA,NA,NA,NA,NA,NA,NA,0,0,0,1,5.5,0,0,0,0,1
NA,Khalil Dinkins,NA,NA,NA,NA,NA,NA,NA,NA,0,0,0,2,23.8571428571429,0.285714285714286,0,0,0,1
NA,Khamari Anderson,NA,NA,NA,NA,NA,NA,NA,NA,0,0,0,1,4,0,0,0,0,1
NA,Kheagian Heckaman,NA,NA,NA,NA,NA,NA,NA,NA,1,1,0,1.33333333333333,32.3333333333333,0.666666666666667,0,0,0,1
NA,Koby Gross,NA,NA,NA,NA,NA,NA,NA,NA,0,0,0,1.42857142857143,20.1428571428571,0.142857142857143,0,0,1,1
NA,Koby Keenan,NA,NA,NA,NA,NA,NA,NA,NA,0,0,0,2.16666666666667,21.3333333333333,0.333333333333333,0,0,0,1
NA,Kole Williams,NA,NA,NA,NA,NA,NA,NA,NA,0,0,0,1.33333333333333,7.33333333333333,0,0,0,0,1
NA,Kordell Rodgers,NA,NA,NA,NA,NA,NA,NA,NA,0,0,0,2.375,21.5,0.375,0,0,0,1
NA,Kyirin Heath,NA,NA,NA,NA,NA,NA,NA,NA,0,0,0,1.9,22.8,0.3,0,0,0,1
NA,Kylan Fox,NA,NA,NA,NA,NA,NA,NA,NA,0,0,0,2,17.125,0.125,0,0,0,1
NA,Kyle Doney,NA,NA,NA,NA,NA,NA,NA,NA,0,0,0,1,4,0,0,0,0,1
NA,Kyle Frendt,NA,NA,NA,NA,NA,NA,NA,NA,0,0,0,1,12.5,0,0,0,0,1
NA,Kyle Koontz,NA,NA,NA,NA,NA,NA,NA,NA,0,0,0,1.4,14.2,0.2,0,0,1,1
NA,Kyle Morgan,NA,NA,NA,NA,NA,NA,NA,NA,0,0,0,1.5,11.75,0.25,0,0,0,1
NA,Lafayette Kaiuway,NA,NA,NA,NA,NA,NA,NA,NA,0,0,0,1,11,0.333333333333333,0,0,0,1
NA,Lake McRee,NA,NA,NA,NA,NA,NA,NA,NA,0,0,0,2.5,37.5,0.333333333333333,0,1,1,1
NA,Lakota Dippre,NA,NA,NA,NA,NA,NA,NA,NA,2,31,0,1.66666666666667,20.7777777777778,0.333333333333333,0,0,0,1
NA,Lance Mason,NA,NA,NA,NA,NA,NA,NA,NA,1,7,0,2.72727272727273,36.1818181818182,0.363636363636364,0,0,0,1
NA,Lance Rees,NA,NA,NA,NA,NA,NA,NA,NA,0,0,0,1.77777777777778,12.1111111111111,0,0,0,0,1
NA,Landen King,NA,NA,NA,NA,NA,NA,NA,NA,0,0,0,1.44444444444444,20.2222222222222,0.444444444444444,0,0,0,1
NA,Landen Lucas,NA,NA,NA,NA,NA,NA,NA,NA,0,0,0,1.85714285714286,10.8571428571429,0,0,0,0,1
NA,Landen Thomas,NA,NA,NA,NA,NA,NA,NA,NA,0,0,0,1,11.6666666666667,0.666666666666667,0,0,0,1
NA,Landon Cooper,NA,NA,NA,NA,NA,NA,NA,NA,0,0,0,2.75,29.875,0.25,0,0,0,1
NA,Landon Morris,NA,NA,NA,NA,NA,NA,NA,NA,0,0,0,2,24.6666666666667,0.666666666666667,0,0,0,1
NA,Landon Strickland,NA,NA,NA,NA,NA,NA,NA,NA,0,0,0,2,23,0.333333333333333,0,0,0,1
NA,Lane Wadle,NA,NA,NA,NA,NA,NA,NA,NA,0,0,0,1.8,18.4,0,0,1,1,1
NA,Lane Whisenhunt,NA,NA,NA,NA,NA,NA,NA,NA,0,0,0,0,0,0,0,0,0,1
NA,Langston Green,NA,NA,NA,NA,NA,NA,NA,NA,0,0,0,1.125,12,0.375,0,0,0,1
NA,Lavar Lindo,NA,NA,NA,NA,NA,NA,NA,NA,0,0,0,1,7,0,0,0,0,1
NA,Lawson Albright,NA,NA,NA,NA,NA,NA,NA,NA,1.25,0.5,0,1,7.28571428571429,0,0,0,0,1
NA,Lawson Luckie,NA,NA,NA,NA,NA,NA,NA,NA,0,0,0,2.16666666666667,20,0.666666666666667,0,0,0,1
NA,Leon Haughton Jr.,NA,NA,NA,NA,NA,NA,NA,NA,0,0,0,1,10.75,0.25,0,0,0,1
NA,Levi Linowes,NA,NA,NA,NA,NA,NA,NA,NA,0,0,0,2.375,29.875,0.125,0,0,0,1
NA,Levi Wilkins,NA,NA,NA,NA,NA,NA,NA,NA,0,0,0,1.33333333333333,21.3333333333333,0,0,0,0,1
NA,Leyton Cure,NA,NA,NA,NA,NA,NA,NA,NA,0,0,0,1.33333333333333,21,0.333333333333333,0,0,0,1
NA,Linkon Cure,NA,NA,NA,NA,NA,NA,NA,NA,0,0,0,1.5,9.25,0,0,0,0,1
NA,Lofton Howard,NA,NA,NA,NA,NA,NA,NA,NA,0,0,0,1,3.33333333333333,0,0,0,0,1
NA,Logan Blake,NA,NA,NA,NA,NA,NA,NA,NA,0,0,0,1,6,0,0,0,0,1
NA,Logan Brooking,NA,NA,NA,NA,NA,NA,NA,NA,0,0,0,1,4,1,0,0,0,1
NA,Logan Compton,NA,NA,NA,NA,NA,NA,NA,NA,0,0,0,2,18,0,0,0,0,1
NA,Logan Kyle,NA,NA,NA,NA,NA,NA,NA,NA,0,0,0,1.33333333333333,15.4444444444444,0.111111111111111,0,0,0,1
NA,Logan Lyson,NA,NA,NA,NA,NA,NA,NA,NA,0,0,0,1.5,12.75,0,0,0,0,1
NA,Logan Mauldin,NA,NA,NA,NA,NA,NA,NA,NA,0,0,0,2.6,34.1,0.2,0,0,0,1
NA,Logan Reaska,NA,NA,NA,NA,NA,NA,NA,NA,0,0,0,1.66666666666667,19,0.333333333333333,0,0,0,1
NA,Lonnie Shinn,NA,NA,NA,NA,NA,NA,NA,NA,0,0,0,1.83333333333333,23.8333333333333,0,0,0,0,1
NA,Louis Hansen,NA,NA,NA,NA,NA,NA,NA,NA,0,0,0,3.33333333333333,32.3333333333333,0,0,0,0,1
NA,Luca Puccinelli,NA,NA,NA,NA,NA,NA,NA,NA,0,0,0,3,24,0,0,0,0,1
NA,Lucas Hunter,NA,NA,NA,NA,NA,NA,NA,NA,0,0,0,0,0,0,0,0,0,1
NA,Luka Gilbert,NA,NA,NA,NA,NA,NA,NA,NA,0,0,0,1,18.5,0,0,0,0,1
NA,Lukas Ungar,NA,NA,NA,NA,NA,NA,NA,NA,0,0,0,1,4.66666666666667,0,0,0,0,1
NA,Luke Bracey,NA,NA,NA,NA,NA,NA,NA,NA,0,0,0,1.6,10.6,0.2,0,0,0,1
NA,Luke Carter,NA,NA,NA,NA,NA,NA,NA,NA,0,0,0,1.16666666666667,6.5,0,0,0,0,1
NA,Luke Clyburn,NA,NA,NA,NA,NA,NA,NA,NA,0,0,0,1.42857142857143,12.5714285714286,0,0,0,0,1
NA,Luke Gilbert,NA,NA,NA,NA,NA,NA,NA,NA,0,0,0,0,0,0,0,0,0,1
NA,Luke Harpring,NA,NA,NA,NA,NA,NA,NA,NA,0,0,0,1.85714285714286,22.5714285714286,0,0,0,0,1
NA,Luke Hasz,NA,NA,NA,NA,NA,NA,NA,NA,0,0,0,2,25,0,0,0,0,1
NA,Luke Lindenmeyer,NA,NA,NA,NA,NA,NA,NA,NA,0,0,0,2.8,30.6,0.2,0,0,0,1
NA,Luke Mcgary,NA,NA,NA,NA,NA,NA,NA,NA,0,0,0,1.5,6.5,0,0,0,0,1
NA,Luke Reynolds,NA,NA,NA,NA,NA,NA,NA,NA,1,13,0,3,28.625,0,0,1,1,1
NA,Luke Schuler,NA,NA,NA,NA,NA,NA,NA,NA,0,0,0,1.75,34.25,0.5,0,0,0,1
NA,Luke Smith,NA,NA,NA,NA,NA,NA,NA,NA,0,0,0,1,3,0,0,0,0,1
NA,Luke Voorhees,NA,NA,NA,NA,NA,NA,NA,NA,0,0,0,1,7,0,0,0,0,1
NA,Luvens Valcin,NA,NA,NA,NA,NA,NA,NA,NA,0,0,0,1.5,17.5,0,0,0,0,1
NA,Maddox Lassiter,NA,NA,NA,NA,NA,NA,NA,NA,1,1,0,1,2,0,0,0,0,1
NA,Magnus Von Saldern,NA,NA,NA,NA,NA,NA,NA,NA,0,0,0,1,1,1,0,0,0,1
NA,Maika Heck,NA,NA,NA,NA,NA,NA,NA,NA,0,0,0,1.5,13.75,0,0,0,0,1
NA,Malachi Thomas,NA,NA,NA,NA,NA,NA,NA,NA,0,0,0,1.375,19.5,0.25,0,0,0,1
NA,Malik Simmons,NA,NA,NA,NA,NA,NA,NA,NA,0,0,0,2,25.6,0.8,0,0,0,1
NA,Manny Adebi,NA,NA,NA,NA,NA,NA,NA,NA,0,0,0,1,7,0,0,0,0,1
NA,Manny Thompson,NA,NA,NA,NA,NA,NA,NA,NA,0,0,0,1,11.5,1,0,0,0,1
NA,Marcus Middleton,NA,NA,NA,NA,NA,NA,NA,NA,0,0,0,1.625,18.625,0,0,0,0,1
NA,Marcus Velez,NA,NA,NA,NA,NA,NA,NA,NA,0,0,0,1.5,10,0,0,0,0,1
NA,Mariano Birdno,NA,NA,NA,NA,NA,NA,NA,NA,1,4,0,2.5,38,0.5,0,0,0,1
NA,Mark Schoonmaker,NA,NA,NA,NA,NA,NA,NA,NA,0,0,0,0,0,0,0,0,0,1
NA,Markeston Douglas,NA,NA,NA,NA,NA,NA,NA,NA,0,0,0,2,24,0,0,0,0,1
NA,Marlin Klein,NA,NA,NA,NA,NA,NA,NA,NA,0,0,0,2,20.9,0.1,0,0,0,1
NA,Marshall Pritchett,NA,NA,NA,NA,NA,NA,NA,NA,0,0,0,3,22.5,0,0,0,0,1
NA,Martavious Collins,NA,NA,NA,NA,NA,NA,NA,NA,0,0,0,1.5,9.5,0,0,0,0,1
NA,Marvin Landy,NA,NA,NA,NA,NA,NA,NA,NA,0,0,0,1,15,0,0,0,0,1
NA,Mason Andrade,NA,NA,NA,NA,NA,NA,NA,NA,1,4,0,0,0,0,0,0,0,1
NA,Mason Cowgill,NA,NA,NA,NA,NA,NA,NA,NA,0,0,0,1,3,0,0,0,0,1
NA,Mason Graham,NA,NA,NA,NA,NA,NA,NA,NA,0,0,0,1,6,0,0,1,1,1
NA,Mason McSweeney,NA,NA,NA,NA,NA,NA,NA,NA,0,0,0,1,5.5,0,0,0,0,1
NA,Mason Mini,NA,NA,NA,NA,NA,NA,NA,NA,1,0,0,3.5,38.7,0.4,0,0,0,1
NA,Mason Mozo,NA,NA,NA,NA,NA,NA,NA,NA,0,0,0,1,6.5,0.25,0,0,0,1
NA,Mason South,NA,NA,NA,NA,NA,NA,NA,NA,0,0,0,1,9.33333333333333,0,0,0,0,1
NA,Mason Thueson,NA,NA,NA,NA,NA,NA,NA,NA,0,0,0,2,19,0,0,0,0,1
NA,Mason Williams,NA,NA,NA,NA,NA,NA,NA,NA,0,0,0,2.08333333333333,22.75,0.25,0,0,0,1
NA,Matt Adcock,NA,NA,NA,NA,NA,NA,NA,NA,0,0,0,1.33333333333333,7.77777777777778,0.333333333333333,0,0,0,1
NA,Matt Buron,NA,NA,NA,NA,NA,NA,NA,NA,0,0,0,2,38.5,0,0,0,0,1
NA,Matt Byrnes,NA,NA,NA,NA,NA,NA,NA,NA,0,0,0,1,24,0,0,0,0,1
NA,Matt Flanders,NA,NA,NA,NA,NA,NA,NA,NA,0,0,0,2.5,15.3333333333333,0,0,0,1,1
NA,Matt Gallehdari,NA,NA,NA,NA,NA,NA,NA,NA,0,0,0,1,31,0,0,0,0,1
NA,Matt Gower,NA,NA,NA,NA,NA,NA,NA,NA,0,0,0,1,2.66666666666667,0,0,0,0,1
NA,Matt Lauter,NA,NA,NA,NA,NA,NA,NA,NA,0,0,0,3,28.6,0.1,0,0,0,1
NA,Matt Lowe,NA,NA,NA,NA,NA,NA,NA,NA,0,0,0,1.2,9.2,0.2,0,0,0,1
NA,Matt Smith,NA,NA,NA,NA,NA,NA,NA,NA,0,0,0,1.5,6.5,0.5,0,0,0,1
NA,Matt Wagner,NA,NA,NA,NA,NA,NA,NA,NA,0,0,0,1.90909090909091,21.2727272727273,0.0909090909090909,0,0,0,1
NA,Matthew Hibner,NA,NA,NA,NA,NA,NA,NA,NA,0,0,0,2.9,35.1,0.4,0,0,0,1
NA,Matthew Klopfenstein,NA,NA,NA,NA,NA,NA,NA,NA,0,0,0,2,18.25,0.25,0,0,0,1
NA,Matthew Lusardi,NA,NA,NA,NA,NA,NA,NA,NA,0,0,0,0,0,0,0,0,0,1
NA,Matthew Ogunniyi,NA,NA,NA,NA,NA,NA,NA,NA,0,0,0,1,3,0,0,0,0,1
NA,Matty Weir,NA,NA,NA,NA,NA,NA,NA,NA,0,0,0,0,0,0,0,0,0,1
NA,Maurice Brown II,NA,NA,NA,NA,NA,NA,NA,NA,0,0,0,1,12,0,1,0,0,1
NA,Max Bredeson,NA,NA,NA,NA,NA,NA,NA,NA,0,0,0,1,5.5,0,0,0,0,1
NA,Max Carter,NA,NA,NA,NA,NA,NA,NA,NA,0,0,0,1,18,0,0,0,0,1
NA,Max Dowling,NA,NA,NA,NA,NA,NA,NA,NA,0,0,0,2,19.9,0.3,0,0,0,1
NA,Max Drag,NA,NA,NA,NA,NA,NA,NA,NA,0,0,0,1,6.33333333333333,0,0,0,0,1
NA,Max Klare,NA,NA,NA,NA,NA,NA,NA,NA,0,0,0,3.41666666666667,35,0.166666666666667,0,0,1,1
NA,Max Lopacienski,NA,NA,NA,NA,NA,NA,NA,NA,0,0,0,1,17.3333333333333,0,0,0,0,1
NA,Max McCormick,NA,NA,NA,NA,NA,NA,NA,NA,0,0,0,1,3.33333333333333,0,0,0,0,1
NA,Max Reese,NA,NA,NA,NA,NA,NA,NA,NA,0,0,0,2,1,0,0,0,0,1
NA,Max Whisner,NA,NA,NA,NA,NA,NA,NA,NA,0,0,0,1.33333333333333,12,0.333333333333333,0,0,0,1
NA,Max Ziebarth,NA,NA,NA,NA,NA,NA,NA,NA,0,0,0,1,2,1,0,0,0,1
NA,Maximus Nosler,NA,NA,NA,NA,NA,NA,NA,NA,0,0,0,0,0,0,0,1,1,1
NA,Maximus Webster,NA,NA,NA,NA,NA,NA,NA,NA,1,26,0,1,9.25,0,1,0,0,1
NA,Micah Barnett,NA,NA,NA,NA,NA,NA,NA,NA,0,0,0,1,16.5,0,0,0,0,1
NA,Micah Riley-Ducker,NA,NA,NA,NA,NA,NA,NA,NA,0,0,0,0,0,0,0,0,1,1
NA,Michael Brescia,NA,NA,NA,NA,NA,NA,NA,NA,1.5,-1.5,0.5,1.8,13,0.4,0,0,0,1
NA,Michael Hegarty,NA,NA,NA,NA,NA,NA,NA,NA,0,0,0,1.4,9.8,0,0,0,0,1
NA,Michael Kirch,NA,NA,NA,NA,NA,NA,NA,NA,0,0,0,2.14285714285714,22.7142857142857,0.428571428571429,0,0,0,1
NA,Michael Masunas,NA,NA,NA,NA,NA,NA,NA,NA,0,0,0,1.9,23.2,0.3,0,0,0,1
NA,Michael Otterstedt,NA,NA,NA,NA,NA,NA,NA,NA,0,0,0,1,25,0,0,0,0,1
NA,Michael Smith,NA,NA,NA,NA,NA,NA,NA,NA,0,0,0,1,10,0,0,0,0,1
NA,Michael Stevenson,NA,NA,NA,NA,NA,NA,NA,NA,0,0,0,1,2,1,0,0,0,1
NA,Michael Trigg,NA,NA,NA,NA,NA,NA,NA,NA,0,0,0,4.54545454545455,63.0909090909091,0.545454545454545,0,0,0,1
NA,Micheal Manna,NA,NA,NA,NA,NA,NA,NA,NA,0,0,0,1.66666666666667,10,0,0,0,0,1
NA,Mike Darcy,NA,NA,NA,NA,NA,NA,NA,NA,0,0,0,2.25,19.5,0,0,0,0,1
NA,Mike Tyler,NA,NA,NA,NA,NA,NA,NA,NA,0,0,0,1,13,0,0,0,0,1
NA,Miles Campbell,NA,NA,NA,NA,NA,NA,NA,NA,0,0,0,2.1,30.5,0.2,0,0,0,1
NA,Miles Kitselman,NA,NA,NA,NA,NA,NA,NA,NA,1,2,0,2.77777777777778,27.7777777777778,0.222222222222222,0,0,0,1
NA,Miles Marshall,NA,NA,NA,NA,NA,NA,NA,NA,0,0,0,1,11,0.4,0,0,0,1
NA,Miller McCrumby,NA,NA,NA,NA,NA,NA,NA,NA,0,0,0,1.875,16,0,0,0,0,1
NA,Mitch Bolden,NA,NA,NA,NA,NA,NA,NA,NA,0,0,0,0,0,0,0,0,0,1
NA,Mitchell Dixon,NA,NA,NA,NA,NA,NA,NA,NA,0,0,0,2.125,23.875,0.25,0,0,1,1
NA,Montrell Martin,NA,NA,NA,NA,NA,NA,NA,NA,0,0,0,2,5,0,0,0,0,1
NA,Montrell Walker,NA,NA,NA,NA,NA,NA,NA,NA,0,0,0,2.5,38.5,0.25,1,0,0,1
NA,Morgan McPhaul,NA,NA,NA,NA,NA,NA,NA,NA,0,0,0,1.66666666666667,19.3333333333333,0.111111111111111,0,1,1,1
NA,Morgan Sampson,NA,NA,NA,NA,NA,NA,NA,NA,0,0,0,1.33333333333333,5.33333333333333,0,0,0,0,1
NA,Myles Morales,NA,NA,NA,NA,NA,NA,NA,NA,0,0,0,2.16666666666667,26.5,0.166666666666667,0,0,0,1
NA,Nader Chirchi,NA,NA,NA,NA,NA,NA,NA,NA,0,0,0,1,15,0,0,0,0,1
NA,Nason Coleman,NA,NA,NA,NA,NA,NA,NA,NA,0,0,0,1,3.5,0.5,0,0,0,1
NA,Nate Boerkircher,NA,NA,NA,NA,NA,NA,NA,NA,1,1.66666666666667,0.333333333333333,2,19,0.333333333333333,0,0,0,1
NA,Nate Kurisky,NA,NA,NA,NA,NA,NA,NA,NA,0,0,0,2,15.7,0.2,0,0,0,1
NA,Nate Roberts,NA,NA,NA,NA,NA,NA,NA,NA,1,0.5,0,2,15,0,0,0,0,1
NA,Nate Sullivan Jr.,NA,NA,NA,NA,NA,NA,NA,NA,0,0,0,1.2,9.6,0,0,0,0,1
NA,Nathan Hromadka,NA,NA,NA,NA,NA,NA,NA,NA,0,0,0,1.6,16.8,0.6,0,0,0,1
NA,Nathan Jones,NA,NA,NA,NA,NA,NA,NA,NA,0,0,0,1,4,0,0,0,0,1
NA,Nathan Levicki,NA,NA,NA,NA,NA,NA,NA,NA,1.25,3.75,0.75,2.75,39.8333333333333,0.5,0,0,0,1
NA,Nathan Lhotsky,NA,NA,NA,NA,NA,NA,NA,NA,0,0,0,2.5,22,0,0,0,0,1
NA,Nathan Schillinger,NA,NA,NA,NA,NA,NA,NA,NA,0,0,0,2,17,0,0,0,0,1
NA,Nathan Vantimmeren,NA,NA,NA,NA,NA,NA,NA,NA,0,0,0,1,7,0,0,0,0,1
NA,Nathanial Clark,NA,NA,NA,NA,NA,NA,NA,NA,0,0,0,1,8.66666666666667,0,0,0,0,1
NA,Nathaniel Eberly-Rodriguez,NA,NA,NA,NA,NA,NA,NA,NA,0,0,0,1.25,12.75,0.25,0,0,0,1
NA,Nebanye Moore,NA,NA,NA,NA,NA,NA,NA,NA,0,0,0,3.42857142857143,35.4285714285714,0,0,1,1,1
NA,Nic Sani,NA,NA,NA,NA,NA,NA,NA,NA,0,0,0,2,24,0,0,0,0,1
NA,Nick Elksnis,NA,NA,NA,NA,NA,NA,NA,NA,0,0,0,1.5,16.6666666666667,0.333333333333333,1,0,0,1
NA,Nick Harris,NA,NA,NA,NA,NA,NA,NA,NA,0,0,0,1,12,0,0,0,0,1
NA,Nick Petrillo,NA,NA,NA,NA,NA,NA,NA,NA,0,0,0,0,0,0,0,0,0,1
NA,Nick Townsend,NA,NA,NA,NA,NA,NA,NA,NA,1,2,1,1,0,0,0,0,0,1
NA,Nick True,NA,NA,NA,NA,NA,NA,NA,NA,0,0,0,1,3,1,0,0,0,1
NA,Noah Bennee,NA,NA,NA,NA,NA,NA,NA,NA,0,0,0,2.3,26.4,0,0,0,0,1
NA,Noah Braham,NA,NA,NA,NA,NA,NA,NA,NA,0,0,0,0,0,0,0,0,0,1
NA,Noah Canty,NA,NA,NA,NA,NA,NA,NA,NA,0,0,0,1.5,18,0,0,0,0,1
NA,Noah Fox-Flores,NA,NA,NA,NA,NA,NA,NA,NA,0,0,0,1,4,1,0,0,0,1
NA,Noah Meyers,NA,NA,NA,NA,NA,NA,NA,NA,0,0,0,3,29.2,0.3,0,0,0,1
NA,Noah Moeaki,NA,NA,NA,NA,NA,NA,NA,NA,0,0,0,1,8,0.5,0,0,0,1
NA,Nolan Albright,NA,NA,NA,NA,NA,NA,NA,NA,0,0,0,1,10,0,0,0,0,1
NA,Nolan Clayton,NA,NA,NA,NA,NA,NA,NA,NA,0,0,0,1.5,16.5,0,0,0,0,1
NA,Nolan Reed,NA,NA,NA,NA,NA,NA,NA,NA,0,0,0,1.57142857142857,9.42857142857143,0,0,0,0,1
NA,Olsen Patt-Henry,NA,NA,NA,NA,NA,NA,NA,NA,0,0,0,1.77777777777778,14,0,0,0,0,1
NA,Oscar Delp,NA,NA,NA,NA,NA,NA,NA,NA,0,0,0,2.125,29.375,0.125,0,0,0,1
NA,Otto Tia,NA,NA,NA,NA,NA,NA,NA,NA,0,0,0,1,19,0,0,0,0,1
NA,Owen Anderson,NA,NA,NA,NA,NA,NA,NA,NA,0,0,0,1,10.3333333333333,0.333333333333333,0,0,0,1
NA,Parker Poloskey,NA,NA,NA,NA,NA,NA,NA,NA,0,0,0,1.33333333333333,18,0.333333333333333,0,0,0,1
NA,Patrick Gurd,NA,NA,NA,NA,NA,NA,NA,NA,0,0,0,1,11.5,0,0,0,0,1
NA,Patrick Overmyer,NA,NA,NA,NA,NA,NA,NA,NA,1.63636363636364,1.90909090909091,0.0909090909090909,2.27272727272727,26.7272727272727,0.363636363636364,0,0,0,1
NA,Patrick Wagner,NA,NA,NA,NA,NA,NA,NA,NA,0,0,0,2.45454545454545,35.4545454545455,0.272727272727273,0,0,0,1
NA,Paul Hartman,NA,NA,NA,NA,NA,NA,NA,NA,1,-3,0,0,0,0,0,0,0,1
NA,Pax Hughes,NA,NA,NA,NA,NA,NA,NA,NA,0,0,0,1.66666666666667,9.33333333333333,0,0,0,0,1
NA,Pearson Baldwin,NA,NA,NA,NA,NA,NA,NA,NA,0,0,0,2.08333333333333,24.3333333333333,0.166666666666667,0,0,0,1
NA,Peter Clarke,NA,NA,NA,NA,NA,NA,NA,NA,0,0,0,2.72727272727273,43.9090909090909,0.545454545454545,0,0,0,1
NA,Peter Cleary,NA,NA,NA,NA,NA,NA,NA,NA,0,0,0,2.4,32.2,0.1,0,0,0,1
NA,Peyton Faulkner,NA,NA,NA,NA,NA,NA,NA,NA,0,0,0,1.5,8.5,0,0,0,0,1
NA,Peyton Smith,NA,NA,NA,NA,NA,NA,NA,NA,0,0,0,2.85714285714286,21.5714285714286,0,0,0,0,1
NA,Peyton Strickland,NA,NA,NA,NA,NA,NA,NA,NA,0,0,0,2.18181818181818,20.5454545454545,0.363636363636364,0,0,0,1
NA,Pierce Walsh,NA,NA,NA,NA,NA,NA,NA,NA,0,0,0,1,8.5,0,0,0,0,1
NA,Preston Douglas,NA,NA,NA,NA,NA,NA,NA,NA,1,2,0,0,0,0,0,0,0,1
NA,Preston Howard,NA,NA,NA,NA,NA,NA,NA,NA,0,0,0,1.42857142857143,12,0,0,0,0,1
NA,Preston Kilgore,NA,NA,NA,NA,NA,NA,NA,NA,0,0,0,1.16666666666667,8,0,0,0,0,1
NA,Preston Ross,NA,NA,NA,NA,NA,NA,NA,NA,0,0,0,1,0,0,0,0,0,1
NA,Quentin Moore,NA,NA,NA,NA,NA,NA,NA,NA,0,0,0,1.33333333333333,17,0,0,0,0,1
NA,Quinton Stewart,NA,NA,NA,NA,NA,NA,NA,NA,1,2,0,1,15.5,0,0,0,0,1
NA,R.J. Maryland,NA,NA,NA,NA,NA,NA,NA,NA,0,0,0,2.25,26.8333333333333,0.166666666666667,0,0,0,1
NA,Randy Pittman,NA,NA,NA,NA,NA,NA,NA,NA,1.4,7.4,0.6,2.55555555555556,23.1111111111111,0.222222222222222,0,0,0,1
NA,Rayfield Lotten,NA,NA,NA,NA,NA,NA,NA,NA,0,0,0,1,18,0,0,0,0,1
NA,Reece Adkins,NA,NA,NA,NA,NA,NA,NA,NA,0,0,0,1.5,22.1666666666667,0.166666666666667,0,0,0,1
NA,Reece Wilder,NA,NA,NA,NA,NA,NA,NA,NA,0,0,0,1,4,0,0,0,0,1
NA,Reed Boyd,NA,NA,NA,NA,NA,NA,NA,NA,0,0,0,1.66666666666667,20,0.333333333333333,0,0,0,1
NA,Reese Brooks,NA,NA,NA,NA,NA,NA,NA,NA,0,0,0,1,17,0,0,0,0,1
NA,Reese Clark,NA,NA,NA,NA,NA,NA,NA,NA,0,0,0,1.42857142857143,17.8571428571429,0.142857142857143,0,0,0,1
NA,Reid Mikeska,NA,NA,NA,NA,NA,NA,NA,NA,0,0,0,1,3,0,0,0,0,1
NA,Reis Kessel,NA,NA,NA,NA,NA,NA,NA,NA,0,0,0,1.36363636363636,30.4545454545455,0.0909090909090909,0,0,0,1
NA,Richard Ransom,NA,NA,NA,NA,NA,NA,NA,NA,1,-1,0,2.11111111111111,29,0.222222222222222,0,0,0,1
NA,Richie Anderson,NA,NA,NA,NA,NA,NA,NA,NA,0,0,0,2.9,27.3,0.2,0,0,0,1
NA,Rico Walker,NA,NA,NA,NA,NA,NA,NA,NA,0,0,0,1.8,20,0,0,0,0,1
NA,Riley Engelhard,NA,NA,NA,NA,NA,NA,NA,NA,0,0,0,1,10.5,0.5,0,0,0,1
NA,Riley Nowakowski,NA,NA,NA,NA,NA,NA,NA,NA,1,1,1,2.3,29.6,0.2,0,0,0,1
NA,Riley Williams,NA,NA,NA,NA,NA,NA,NA,NA,0,0,0,1,15,0,0,0,0,1
NA,River Helms,NA,NA,NA,NA,NA,NA,NA,NA,0,0,0,1,4,1,0,0,0,1
NA,Robby Preckel,NA,NA,NA,NA,NA,NA,NA,NA,8.5,32.75,0,1,4,0,0,1,1,1
NA,Rocco Ciocca,NA,NA,NA,NA,NA,NA,NA,NA,0,0,0,1.75,12,0,0,0,0,1
NA,Rocky Beers,NA,NA,NA,NA,NA,NA,NA,NA,0,0,0,3.44444444444444,43.1111111111111,0.777777777777778,0,0,0,1
NA,Rocky Lencioni,NA,NA,NA,NA,NA,NA,NA,NA,0,0,0,1.625,14.75,0.625,0,0,0,1
NA,Rod Gibbs,NA,NA,NA,NA,NA,NA,NA,NA,0,0,0,1.5,13,0.25,0,0,0,1
NA,Roger Saleapaga,NA,NA,NA,NA,NA,NA,NA,NA,1,0,0,2,25,0,0,0,0,1
NA,Rohan Jones,NA,NA,NA,NA,NA,NA,NA,NA,1,5,0.5,1.9,51.9,0.4,0,0,0,1
NA,Ryan Brotherton,NA,NA,NA,NA,NA,NA,NA,NA,0,0,0,0,0,0,0,0,0,1
NA,Ryan Ghea,NA,NA,NA,NA,NA,NA,NA,NA,0,0,0,1,10,0,0,1,1,1
NA,Ryan McConnell,NA,NA,NA,NA,NA,NA,NA,NA,0,0,0,1,11,0,0,0,0,1
NA,Ryan Osborne,NA,NA,NA,NA,NA,NA,NA,NA,0,0,0,2.5,57.25,0.75,0,0,0,1
NA,Ryan Schwendeman,NA,NA,NA,NA,NA,NA,NA,NA,0,0,0,2.5,31.8333333333333,0.333333333333333,0,0,0,1
NA,Ryan Turley,NA,NA,NA,NA,NA,NA,NA,NA,0,0,0,0,0,0,0,0,1,1
NA,Ryan Tyler,NA,NA,NA,NA,NA,NA,NA,NA,1,2,0.333333333333333,0,0,0,0,1,1,1
NA,Ryan Ward,NA,NA,NA,NA,NA,NA,NA,NA,0,0,0,1.2,8.2,0.2,0,0,0,1
NA,Ryan Wolfer,NA,NA,NA,NA,NA,NA,NA,NA,0,0,0,1,18.5,0,0,0,0,1
NA,Ryder Kurtz,NA,NA,NA,NA,NA,NA,NA,NA,0,0,0,4.3,51.4,0.4,0,0,0,1
NA,Ryder Kusch,NA,NA,NA,NA,NA,NA,NA,NA,0,0,0,1.625,7.5,0.375,0,0,0,1
NA,Rylan Green,NA,NA,NA,NA,NA,NA,NA,NA,0,0,0,1,12.5,0.25,0,0,0,1
NA,Rylan Schlepp,NA,NA,NA,NA,NA,NA,NA,NA,0,0,0,1.33333333333333,7.16666666666667,0,0,0,0,1
NA,Sage Ennis,NA,NA,NA,NA,NA,NA,NA,NA,0,0,0,2,19.8888888888889,0.555555555555556,0,0,1,1
NA,Sam Albee,NA,NA,NA,NA,NA,NA,NA,NA,0,0,0,1.5,21.8333333333333,0.333333333333333,0,1,1,1
NA,Sam Lee,NA,NA,NA,NA,NA,NA,NA,NA,0,0,0,1,20,0,0,0,0,1
NA,Sam Olson,NA,NA,NA,NA,NA,NA,NA,NA,0,0,0,2,14.7142857142857,0.285714285714286,0,0,0,1
NA,Sam Roush,NA,NA,NA,NA,NA,NA,NA,NA,0,0,0,4.45454545454545,49.5454545454545,0.181818181818182,0,0,1,1
NA,Sam West,NA,NA,NA,NA,NA,NA,NA,NA,1,15,0,1.33333333333333,11.6666666666667,0.333333333333333,0,0,0,1
NA,Samuel Cornett,NA,NA,NA,NA,NA,NA,NA,NA,0,0,0,2,0,0,0,0,1,1
NA,Saul Diaz,NA,NA,NA,NA,NA,NA,NA,NA,0,0,0,1,7,0,0,0,0,1
NA,Sawyer Burt,NA,NA,NA,NA,NA,NA,NA,NA,0,0,0,1,0,0,0,0,0,1
NA,Scott Moore,NA,NA,NA,NA,NA,NA,NA,NA,0,0,0,1.5,11.5,0.25,0,0,0,1
NA,Scott Raymond,NA,NA,NA,NA,NA,NA,NA,NA,1,5,0,2,17.3333333333333,0,0,0,0,1
NA,Seamus Gilmartin,NA,NA,NA,NA,NA,NA,NA,NA,0,0,0,3.5,45.75,0.625,0,0,0,1
NA,Sean Brodnik,NA,NA,NA,NA,NA,NA,NA,NA,0,0,0,1,4,1,0,0,0,1
NA,Sean Clarke,NA,NA,NA,NA,NA,NA,NA,NA,0,0,0,3,21,0,0,0,0,1
NA,Sean McElwain,NA,NA,NA,NA,NA,NA,NA,NA,0,0,0,2.4,37.2,0.6,0,0,0,1
NA,Sean O'Brien,NA,NA,NA,NA,NA,NA,NA,NA,0,0,0,1.5,9.9,0.1,0,0,0,1
NA,Sean Ward,NA,NA,NA,NA,NA,NA,NA,NA,0,0,0,1,9,0,0,0,0,1
NA,Sean Welde,NA,NA,NA,NA,NA,NA,NA,NA,0,0,0,1,6,0,0,0,0,1
NA,Seth Adams,NA,NA,NA,NA,NA,NA,NA,NA,0,0,0,1,11,0,0,0,0,1
NA,Seydou Traore,NA,NA,NA,NA,NA,NA,NA,NA,0,0,0,3.4,36.1,0.5,0,0,0,1
NA,Shamar Easter,NA,NA,NA,NA,NA,NA,NA,NA,0,0,0,1,8.5,0,0,1,1,1
NA,Si Stovall,NA,NA,NA,NA,NA,NA,NA,NA,0,0,0,0,0,0,0,0,0,1
NA,Simon Mapa,NA,NA,NA,NA,NA,NA,NA,NA,0,0,0,1,14,0.666666666666667,0,0,0,1
NA,Spencer Mermans,NA,NA,NA,NA,NA,NA,NA,NA,0,0,0,1,4,1,0,0,0,1
NA,Steve Brown,NA,NA,NA,NA,NA,NA,NA,NA,0,0,0,1,11,0,0,0,0,1
NA,Steven Gorski,NA,NA,NA,NA,NA,NA,NA,NA,0,0,0,0,0,0,0,0,0,1
NA,Steven Mahar Jr.,NA,NA,NA,NA,NA,NA,NA,NA,0,0,0,2,26.75,0.5,0,0,0,1
NA,Stone Eby,NA,NA,NA,NA,NA,NA,NA,NA,0,0,0,0,0,0,0,0,0,1
NA,Taharin Sudderth,NA,NA,NA,NA,NA,NA,NA,NA,1,0,0,1,11.2,0.2,0,0,0,1
NA,Tahmir Ellis,NA,NA,NA,NA,NA,NA,NA,NA,0,0,0,2,24,1,0,0,0,1
NA,Tanner Arkin,NA,NA,NA,NA,NA,NA,NA,NA,0,0,0,1.57142857142857,13,0.285714285714286,0,0,0,1
NA,Tanner Koziol,NA,NA,NA,NA,NA,NA,NA,NA,0,0,0,5.41666666666667,54.25,0.416666666666667,0,0,0,1
NA,Tanner Lemaster,NA,NA,NA,NA,NA,NA,NA,NA,0,0,0,1.66666666666667,23,0,0,0,0,1
NA,Tate Hoover,NA,NA,NA,NA,NA,NA,NA,NA,0,0,0,1,9,0,0,0,0,1
NA,Taysire Williams,NA,NA,NA,NA,NA,NA,NA,NA,0,0,0,1,21,0,0,0,0,1
NA,Tayvion Galloway,NA,NA,NA,NA,NA,NA,NA,NA,0,0,0,1,11,0,0,0,0,1
NA,Terik Mulder,NA,NA,NA,NA,NA,NA,NA,NA,0,0,0,2.11111111111111,22,0.444444444444444,0,0,0,1
NA,Terrance Carter,NA,NA,NA,NA,NA,NA,NA,NA,1,12,0,4.3,53,0.5,0,0,0,1
NA,Theo Melin Ohrstrom,NA,NA,NA,NA,NA,NA,NA,NA,0,0,0,2.25,20.875,0.125,0,0,0,1
NA,Thomas Wadsworth,NA,NA,NA,NA,NA,NA,NA,NA,0,0,0,1.5,13.5,0,0,0,0,1
NA,Titus Lyons,NA,NA,NA,NA,NA,NA,NA,NA,0,0,0,1.5,11.75,0.375,0,0.5,1,1
NA,Titus Rohrer,NA,NA,NA,NA,NA,NA,NA,NA,0,0,0,1,16,0,0,0,0,1
NA,TJ Johnson,NA,NA,NA,NA,NA,NA,NA,NA,0,0,0,1,7,1,0,0,0,1
NA,TK Paisant,NA,NA,NA,NA,NA,NA,NA,NA,0,0,0,1,5.5,0,0,0,0,1
NA,Toby Payne,NA,NA,NA,NA,NA,NA,NA,NA,1,0,0,3.27272727272727,35.1818181818182,0.272727272727273,0,0,0,1
NA,Tommy Arnold,NA,NA,NA,NA,NA,NA,NA,NA,0,0,0,0,0,0,0,0,0,1
NA,Tony Livingston,NA,NA,NA,NA,NA,NA,NA,NA,0,0,0,1.375,14.875,0.25,0,0,0,1
NA,Trace Bruckler,NA,NA,NA,NA,NA,NA,NA,NA,0,0,0,1.66666666666667,21.3333333333333,0.333333333333333,0,0,0,1
NA,Tracy Stephens,NA,NA,NA,NA,NA,NA,NA,NA,0,0,0,2,18,1,0,0,0,1
NA,Trae Swartz,NA,NA,NA,NA,NA,NA,NA,NA,0,0,0,1.33333333333333,17,0.333333333333333,0,0,0,1
NA,Travaunta Abner,NA,NA,NA,NA,NA,NA,NA,NA,0,0,0,5,54.2857142857143,0.428571428571429,0,1,1,1
NA,Travis Plugge,NA,NA,NA,NA,NA,NA,NA,NA,0,0,0,0,0,0,0,0,0,1
NA,Travon Jones,NA,NA,NA,NA,NA,NA,NA,NA,0,0,0,2.3,21.3,0.3,0,0,0,1
NA,Tray Kuntz,NA,NA,NA,NA,NA,NA,NA,NA,0,0,0,1,2,0.5,0,0,0,1
NA,Tre Williams III,NA,NA,NA,NA,NA,NA,NA,NA,0,0,0,2.08333333333333,26.5833333333333,0.333333333333333,0,0,0,1
NA,Trent Thomas,NA,NA,NA,NA,NA,NA,NA,NA,0,0,0,1.33333333333333,11.3333333333333,0,0,0,0,1
NA,Trevor Wilson,NA,NA,NA,NA,NA,NA,NA,NA,0,0,0,2.44444444444444,21.4444444444444,0.111111111111111,0,0,0,1
NA,Trey'Dez Green,NA,NA,NA,NA,NA,NA,NA,NA,0,0,0,4.14285714285714,50.4285714285714,0.714285714285714,0,0,0,1
NA,Trey Leckner,NA,NA,NA,NA,NA,NA,NA,NA,0,0,0,2.1,12.3,0.3,0,0,1,1
NA,Trey McDonald,NA,NA,NA,NA,NA,NA,NA,NA,0,0,0,1,3.66666666666667,0.333333333333333,0,0,0,1
NA,Trey Miller,NA,NA,NA,NA,NA,NA,NA,NA,0,0,0,1.33333333333333,9.77777777777778,0,0,0,0,1
NA,Tripp Walsh,NA,NA,NA,NA,NA,NA,NA,NA,0,0,0,1,9,0,0,0,0,1
NA,Troy Grizzle,NA,NA,NA,NA,NA,NA,NA,NA,0,0,0,1,10,1,0,0,0,1
NA,Tucker Ashcraft,NA,NA,NA,NA,NA,NA,NA,NA,0,0,0,2,10,0,0,0,0,1
NA,Ty Brown,NA,NA,NA,NA,NA,NA,NA,NA,0,0,0,1.33333333333333,10.3333333333333,0,0,0,0,1
NA,Ty Lockwood,NA,NA,NA,NA,NA,NA,NA,NA,0,0,0,1,15,0,0,0,0,1
NA,Ty Stamey,NA,NA,NA,NA,NA,NA,NA,NA,0,0,0,1.5,10.75,0,0,0,0,1
NA,Ty Washington,NA,NA,NA,NA,NA,NA,NA,NA,0,0,0,1.66666666666667,11.3333333333333,0.333333333333333,0,0,0,1
NA,Ty Yocum,NA,NA,NA,NA,NA,NA,NA,NA,1,4,0,1,11,0,0,0,0,1
NA,Tyler Bonkowski,NA,NA,NA,NA,NA,NA,NA,NA,0,0,0,1,5,0,0,0,0,1
NA,Tyler Fortenberry,NA,NA,NA,NA,NA,NA,NA,NA,0,0,0,3.44444444444444,31,0.222222222222222,0,0,0,1
NA,Tyler Glover,NA,NA,NA,NA,NA,NA,NA,NA,6,12,0,0,0,0,0,0,0,1
NA,Tyler Little,NA,NA,NA,NA,NA,NA,NA,NA,0,0,0,3,35.5,0.5,0,0,0,1
NA,Tyler Moore,NA,NA,NA,NA,NA,NA,NA,NA,0,0,0,1.4,23.6,0,0,0,0,1
NA,Tyler Nansel,NA,NA,NA,NA,NA,NA,NA,NA,0,0,0,1,10,0,0,0,0,1
NA,Tyler Nix,NA,NA,NA,NA,NA,NA,NA,NA,0,0,0,1.33333333333333,5.33333333333333,0,0,0,0,1
NA,Tyler Picinic,NA,NA,NA,NA,NA,NA,NA,NA,0,0,0,1.5,7,0,0,0,0,1
NA,Tyler Siddons,NA,NA,NA,NA,NA,NA,NA,NA,0,0,0,1.33333333333333,12.3333333333333,0,0,0,0,1
NA,Tyreke Jinks,NA,NA,NA,NA,NA,NA,NA,NA,0,0,0,2.5,18.5,0.5,0,0,0,1
NA,Tyronne Hayes,NA,NA,NA,NA,NA,NA,NA,NA,0,0,0,1,9,0,0,0,0,1
NA,Vance Nicklaus,NA,NA,NA,NA,NA,NA,NA,NA,0,0,0,1,21,0,0,0,0,1
NA,Var'Keyes Gumms,NA,NA,NA,NA,NA,NA,NA,NA,0,0,0,1.83333333333333,28,0.5,0,0,0,1
NA,Victor Aderungboye,NA,NA,NA,NA,NA,NA,NA,NA,0,0,0,0,0,0,0,0,0,1
NA,Vince Benetti,NA,NA,NA,NA,NA,NA,NA,NA,0,0,0,0,0,0,0,0,0,1
NA,Walker Lyons,NA,NA,NA,NA,NA,NA,NA,NA,0,0,0,1.81818181818182,20.2727272727273,0.181818181818182,0,0,0,1
NA,Walker Wallace,NA,NA,NA,NA,NA,NA,NA,NA,0,0,0,0,0,0,0,0,0,1
NA,Watson Hafer,NA,NA,NA,NA,NA,NA,NA,NA,0,0,0,1.42857142857143,7.14285714285714,0,0,0,0,1
NA,Wesley Campbell VI,NA,NA,NA,NA,NA,NA,NA,NA,0,0,0,1,6,0,0,0,0,1
NA,Weston Wolff,NA,NA,NA,NA,NA,NA,NA,NA,0,0,0,1,7,0,0,0,0,1
NA,Whit Hobgood,NA,NA,NA,NA,NA,NA,NA,NA,0,0,0,1,18.3333333333333,0.333333333333333,0,0,0,1
NA,Will Anciaux,NA,NA,NA,NA,NA,NA,NA,NA,0,0,0,1.2,9,0.2,0,0,0,1
NA,Will Dixon,NA,NA,NA,NA,NA,NA,NA,NA,0,0,0,1,2,1,0,0,0,1
NA,Will Huggins,NA,NA,NA,NA,NA,NA,NA,NA,0,0,0,1,7,0,0,0,0,1
NA,Will Kacmarek,NA,NA,NA,NA,NA,NA,NA,NA,0,0,0,1.5,20,0.333333333333333,0,0,0,1
NA,Will Monney,NA,NA,NA,NA,NA,NA,NA,NA,0,0,0,1,13,0,0,0,0,1
NA,Will Roberts,NA,NA,NA,NA,NA,NA,NA,NA,0,0,0,1,7,0,0,0,0,1
NA,Will Swanson,NA,NA,NA,NA,NA,NA,NA,NA,0,0,0,1.25,20.5,0,0,0,0,1
NA,Will Wood,NA,NA,NA,NA,NA,NA,NA,NA,0,0,0,0,0,0,0,0,0,1
NA,Will Zundel,NA,NA,NA,NA,NA,NA,NA,NA,0,0,0,0,0,0,0,0,0,1
NA,Willie Rodriguez,NA,NA,NA,NA,NA,NA,NA,NA,0,0,0,2.09090909090909,28.1818181818182,0.0909090909090909,0,1,1,1
NA,Winston Williams,NA,NA,NA,NA,NA,NA,NA,NA,0,0,0,1.66666666666667,15,0.333333333333333,0,0,0,1
NA,Wyatt Sullivan,NA,NA,NA,NA,NA,NA,NA,NA,0,0,0,1.88888888888889,19.6666666666667,0.222222222222222,0,0,0,1
NA,Zach Atkins,NA,NA,NA,NA,NA,NA,NA,NA,0,0,1,2.22222222222222,16.5555555555556,0,0,0,0,1
NA,Zach Courtney,NA,NA,NA,NA,NA,NA,NA,NA,0,0,0,1.25,16,0,0,0,1,1
NA,Zach Ortwerth,NA,NA,NA,NA,NA,NA,NA,NA,0,0,0,1.33333333333333,11.5,0,0,0,0,1
NA,Zach Russell,NA,NA,NA,NA,NA,NA,NA,NA,0,0,0,1,12,0,0,0,0,1
NA,Zach Witte,NA,NA,NA,NA,NA,NA,NA,NA,0,0,0,2,18.625,0.375,0,0,0,1
NA,Zack Marshall,NA,NA,NA,NA,NA,NA,NA,NA,0,0,0,2.14285714285714,27.8571428571429,0.142857142857143,0,0,0,1
NA,Zander Turner,NA,NA,NA,NA,NA,NA,NA,NA,0,0,0,1.33333333333333,5,0,0,0,0,1
NA,Zeke Moore,NA,NA,NA,NA,NA,NA,NA,NA,0,0,0,1,3.5,0,0,0,0,1
NA,Zy'Aire Fletcher,NA,NA,NA,NA,NA,NA,NA,NA,0,0,0,1,23.5,0,0,0,0,1
00-0024243,Marcedes Lewis,NA,NA,NA,NA,NA,NA,NA,NA,0,0,0,0,0,0,0,0,0,0
00-0030061,Zach Ertz,35,2,3,77,249,35,2,88,0,0,0,3.84615384615385,38.7692307692308,0.307692307692308,0,0,0,0
00-0030506,Travis Kelce,63,3,1,77,255,61,4,80,0.0588235294117647,0.0588235294117647,0,4.47058823529412,50.0588235294118,0.294117647058824,0,0,0,0
00-0031484,Chris Manhertz,NA,NA,NA,NA,NA,NA,NA,NA,0,0,0,0.25,1.75,0,0,0,0,0
00-0031610,Darren Waller,NA,NA,NA,NA,NA,NA,NA,NA,0.111111111111111,0.444444444444444,0,2.66666666666667,31.4444444444444,0.666666666666667,0,0,0,0
00-0032392,Austin Hooper,81,3,18,76,254,62,3,79,0,0,0,1.5,17.9375,0.125,0,0,0,0
00-0033090,Hunter Henry,35,2,4,77,250,27,1,89,0,0,0,3.28571428571429,41.9047619047619,0.380952380952381,0,0,0,0
00-0033110,Tyler Higbee,110,4,12,78,249,112,5,68,0,0,0,2.23076923076923,28.0769230769231,0.230769230769231,0,0,0,0
00-0033217,Mo Alie-Cox,NA,NA,NA,NA,NA,NA,NA,NA,0,0,0,1.18181818181818,10.6363636363636,0.0909090909090909,0,0,0,0
00-0033246,Johnny Mundt,NA,NA,NA,NA,NA,NA,NA,NA,0,0,0,0.75,9.25,0,0,0,0,0
00-0033288,George Kittle,146,5,2,76,247,123,10,68,0.0833333333333333,-0.25,0,4.83333333333333,52.8333333333333,0.583333333333333,0,0,0,0
00-0033357,Taysom Hill,NA,NA,NA,NA,NA,NA,NA,NA,4,8.76923076923077,0.0769230769230769,0.846153846153846,7,0,0.153846153846154,0.0769230769230769,0.153846153846154,0
00-0033439,Pharaoh Brown,NA,NA,NA,NA,NA,NA,NA,NA,0,0,0,0.4,0.2,0,0,0,0,0
00-0033455,Anthony Firkser,NA,NA,NA,NA,NA,NA,NA,NA,0,0,0,1.6,10.6,0,0,0,0,0
00-0033576,Eric Saubert,NA,NA,NA,NA,NA,NA,NA,NA,0,0,0,0.4,3.1,0,0.1,0,0,0
00-0033757,Robert Tonyan,NA,NA,NA,NA,NA,NA,NA,NA,0,0,0,0.5,0.5,0,0,0,0,0
00-0033858,Jonnu Smith,NA,NA,NA,NA,NA,NA,NA,NA,0.5,3.88888888888889,0.0555555555555556,2.22222222222222,12.2777777777778,0.111111111111111,0.0555555555555556,0,0,0
00-0033881,Evan Engram,23,1,23,75,234,21,3,90,0.0555555555555556,0.388888888888889,0,2.94444444444444,27.0555555555556,0.0555555555555556,0,0,0,0
00-0033885,David Njoku,29,1,29,76,246,14,2,91,0,0,0,3,26.6363636363636,0.363636363636364,0,0,0,0
00-0034073,Ross Dwelley,NA,NA,NA,NA,NA,NA,NA,NA,0,0,0,0.5,1.75,0,0,0,0,0
00-0034159,Will Dissly,120,4,20,76,262,160,9,59,0,0,0,1.375,12.125,0,0,0,0,0
00-0034270,Tyler Conklin,157,5,20,75,254,147,7,62,0.166666666666667,0.333333333333333,0,1.16666666666667,16.8333333333333,0,0,0,0,0
00-0034351,Dallas Goedert,49,2,17,77,256,36,2,86,0.0625,0.0625,0.0625,4,39,0.75,0,0,0,0
00-0034365,Ian Thomas,101,4,1,76,259,101,6,71,0,0,0,1.44444444444444,12.6666666666667,0,0,0,0,0
00-0034383,Dalton Schultz,137,4,37,77,244,181,12,56,0,0,0,4.57894736842105,44,0.157894736842105,0,0,0,0
00-0034613,Tanner Hudson,NA,NA,NA,NA,NA,NA,NA,NA,0,0,0,1.9,16.8,0.2,0,0,0,0
00-0034753,Mark Andrews,86,3,22,77,256,80,4,75,0.588235294117647,2.82352941176471,0.0588235294117647,2.82352941176471,24.8235294117647,0.294117647058824,0,0,0,0
00-0034798,Durham Smythe,123,4,23,77,253,186,13,55,0,0,0,0.666666666666667,4,0,0,0,0,0
00-0034829,Mike Gesicki,42,2,10,78,247,51,3,83,0,0,0,2.33333333333333,25.5833333333333,0.166666666666667,0,0,0,0
00-0034981,Foster Moreau,137,4,35,76,253,148,9,64,0,0,0,1,8.42857142857143,0,0,0,0,0
00-0035229,T.J. Hockenson,8,1,8,77,251,6,1,92,0.0666666666666667,0,0,3.4,29.2,0.2,0,0,0,0
00-0035249,Josh Oliver,69,3,5,77,249,102,7,71,0,0,0,1.25,13.3333333333333,0.333333333333333,0.0833333333333333,0,0,0
00-0035631,Drew Sample,52,2,20,77,255,72,5,77,0.0833333333333333,0.25,0,1.25,8.83333333333333,0.0833333333333333,0,0,0,0
00-0035644,Noah Fant,20,1,20,76,249,12,2,90,0,0,0,2.61538461538462,22.1538461538462,0.230769230769231,0,0,0,0
00-0035689,Dawson Knox,96,3,32,76,254,118,8,69,0,0,0,2.33333333333333,26.6111111111111,0.222222222222222,0,0,0,0
00-0035956,Giovanni Ricci,NA,NA,NA,NA,NA,NA,NA,NA,0,0,0,0,0,0,0,0,0,0
00-0036040,Juwan Johnson,NA,NA,NA,NA,NA,NA,NA,NA,0,0,0,4.52941176470588,52.2941176470588,0.176470588235294,0,0,0,0
00-0036232,Harrison Bryant,115,4,9,77,243,77,4,74,0,0,0,0.833333333333333,4.66666666666667,0,0,0,0,0
00-0036244,Colby Parkinson,133,4,27,79,252,117,7,66,0,0,0,3,32.9411764705882,0.529411764705882,0,0,0,0
00-0036290,Cole Kmet,43,2,11,78,262,45,1,85,0.0555555555555556,0.0555555555555556,0,1.83333333333333,21,0.166666666666667,0,0,0,0
00-0036332,Josiah Deguara,94,3,30,74,242,NA,NA,NA,0,0,0,0.428571428571429,3,0.142857142857143,0,0,0,0
00-0036422,Adam Trautman,NA,NA,NA,NA,NA,NA,NA,NA,0,0,0,1.42857142857143,13.9285714285714,0.0714285714285714,0,0,0,0
00-0036423,Albert Okwuegbunam,118,4,12,78,258,97,6,70,0,0,0,5,36,0,0,0,0,0
00-0036429,Charlie Woerner,190,6,11,77,244,NA,NA,NA,0,0,0,1.14285714285714,6.85714285714286,0,0,0,0,0
00-0036534,Shane Zylstra,NA,NA,NA,NA,NA,NA,NA,NA,0,0,0,3,20,0,0,0,0,0
00-0036590,Quintin Morris,NA,NA,NA,NA,NA,NA,NA,NA,0,0,0,0.545454545454545,5,0.0909090909090909,0,0,0,0
00-0036628,John Bates,124,4,19,77,250,189,9,53,0,0,0,1.1,10.3,0.1,0.1,0,0,0
00-0036637,Noah Gray,162,5,18,75,240,164,7,59,0,0,0,1.5,12.7142857142857,0,0,0,0,0
00-0036741,Jack Stoll,NA,NA,NA,NA,NA,NA,NA,NA,0,0,0,0.666666666666667,5.11111111111111,0.111111111111111,0,0,0,0
00-0036754,Brock Wright,NA,NA,NA,NA,NA,NA,NA,NA,0,0,0,1.75,13.5,0.25,0,0,0,0
00-0036825,Feleipe Franks,NA,NA,NA,NA,NA,NA,NA,NA,0.2,0.4,0,0,0,0,0,0,0,0
00-0036876,Kylen Granson,127,4,22,74,241,235,13,40,0,0,0,0.583333333333333,3.33333333333333,0,0,0,0,0
00-0036887,Luke Farrell,145,5,1,78,251,313,17,31,0,0,0,0.8,5.73333333333333,0.133333333333333,0.133333333333333,0,0,0
00-0036894,Pat Freiermuth,55,2,23,77,251,58,3,80,0,0,0,2.625,31.5,0.25,0,0,0,0
00-0036970,Kyle Pitts,4,1,4,78,245,2,1,94,0,0,0,5.17647058823529,54.5882352941176,0.294117647058824,0,0,0,0
00-0037004,Hunter Long,81,3,18,77,254,52,2,82,0,0,0,1.71428571428571,12.1428571428571,0.285714285714286,0,0,0,0
00-0037005,Tommy Tremble,83,3,20,75,241,93,4,73,0,0,0,1.875,16.9375,0.125,0,0,0,0
00-0037015,Sal Cannella,NA,NA,NA,NA,NA,NA,NA,NA,0,0,0,1,5.5,0,0,0,0,0
00-0037031,Nikola Kalinic,NA,NA,NA,NA,NA,NA,NA,NA,0,0,0,0,0,0,0,0,0,0
00-0037086,Grant Calcaterra,198,6,20,76,241,282,16,42,0,0,0,1,8.44444444444444,0.111111111111111,0.111111111111111,0,0,0
00-0037112,Jake Tonges,NA,NA,NA,NA,NA,NA,NA,NA,0,0,0,3.33333333333333,30.5,0.416666666666667,0,0,0,0
00-0037252,Greg Dulcich,80,3,16,76,243,69,2,79,0.111111111111111,-0.777777777777778,0,2.88888888888889,37.2222222222222,0.111111111111111,0,0,0,0
00-0037277,Teagan Quitoriano,170,5,27,78,256,313,20,37,0,0,0,0,0,0,0,0,0,0
00-0037282,James Mitchell,177,5,34,76,249,197,11,55,0,0,0,1,9.33333333333333,0,0,0,0,0
00-0037292,Andrew Ogletree,NA,NA,NA,NA,NA,NA,NA,NA,0,0,0,0.363636363636364,2.45454545454545,0.0909090909090909,0,0,0,0
00-0037304,Connor Heyward,NA,NA,NA,NA,NA,NA,NA,NA,1.07142857142857,3.07142857142857,0.142857142857143,0.214285714285714,1.5,0.0714285714285714,0,0,0,0
00-0037306,John FitzPatrick,213,6,35,79,262,305,19,38,0,0,0,1.09090909090909,6.54545454545455,0.0909090909090909,0,0,0,0
00-0037311,Ko Kieft,218,6,40,77,265,NA,NA,NA,0,0,0,0,0,0,0,0,0,0
00-0037340,Zaire Mitchell-Paden,NA,NA,NA,NA,NA,NA,NA,NA,0,0,0,0.666666666666667,5.66666666666667,0,0,0,0,0
00-0037348,Tanner Conner,NA,NA,NA,NA,NA,NA,NA,NA,0,0,0,1.125,11.375,0,0,0,0,0
00-0037475,Stone Smartt,NA,NA,NA,NA,NA,NA,NA,NA,0,0,0,1.16666666666667,8.66666666666667,0,0,0,0,0
00-0037539,Lucas Krull,NA,NA,NA,NA,NA,NA,NA,NA,0,0,0,1,7.5,0,0,0,0,0
00-0037654,Tucker Fisk,NA,NA,NA,NA,NA,NA,NA,NA,0,0,0,1,6.2,0,0,0,0,0
00-0037744,Trey McBride,55,2,23,76,246,46,1,86,0,0,0,7.41176470588235,72.8823529411765,0.647058823529412,0,0,0,0
00-0037755,Jelani Woods,73,3,9,79,253,87,4,75,0,0,0,0.5,2,0,0,0,0,0
00-0037805,Jeremy Ruckert,101,3,37,78,252,78,3,77,0,0,0,1.64285714285714,12.7857142857143,0.0714285714285714,0,0,0,0
00-0037809,Chig Okonkwo,NA,NA,NA,NA,NA,NA,NA,NA,0,0,0,3.29411764705882,32.9411764705882,0.117647058823529,0,0,0,0
00-0037838,Isaiah Likely,139,4,34,77,245,104,6,71,0,0,0,2.25,25.5833333333333,0.0833333333333333,0.0833333333333333,0,0,0
00-0038041,Jake Ferguson,129,4,24,77,250,176,10,58,0.0588235294117647,0.0588235294117647,0,4.82352941176471,35.2941176470588,0.470588235294118,0.0588235294117647,0,0,0
00-0038046,Charlie Kolar,128,4,23,79,252,113,7,70,0,0,0,0.769230769230769,10.9230769230769,0.153846153846154,0,0,0,0
00-0038115,Daniel Bellinger,112,4,7,77,253,98,5,71,0,0,0,1.46153846153846,22,0.153846153846154,0,0,0,0
00-0038129,Cade Otton,106,4,1,77,247,146,8,62,0,0,0,3.93333333333333,38.1333333333333,0.0666666666666667,0,0,0,0
00-0038394,Will Mallory,162,5,28,77,239,111,9,67,0,0,0,1,16,0,0,0,0,0
00-0038456,Travis Vokolek,NA,NA,NA,NA,NA,NA,NA,NA,0,0,0,0,0,0,0,0,0,0
00-0038498,E.J. Jenkins,NA,NA,NA,NA,NA,NA,NA,NA,0,0,0,0,0,0,0,0,0,0
00-0038547,Luke Schoonmaker,58,2,27,77,251,71,8,78,0,0,0,1,9.42857142857143,0,0,0,0,0
00-0038558,Darnell Washington,93,3,30,79,264,39,4,85,0,0,0,2.38461538461538,28,0.0769230769230769,0,0,0,0
00-0038564,Cameron Latu,101,3,38,76,242,181,14,51,0,0,0,0,0,0,0,0,0,0
00-0038589,Josh Whyle,147,5,13,79,248,117,10,65,0,0,0,0.857142857142857,6.14285714285714,0.142857142857143,0,0,0,0
00-0038590,Justin Shorter,NA,NA,NA,NA,NA,NA,NA,NA,0,0,0,0,0,0,0,0,0,0
00-0038643,Brayden Willis,247,7,30,76,241,277,19,38,0,0,0,0,0,0,0,0,0,0
00-0038710,Blake Whiteheart,NA,NA,NA,NA,NA,NA,NA,NA,0,0,0,0.222222222222222,0.444444444444444,0,0.111111111111111,0,0,0
00-0038720,Julian Hill,NA,NA,NA,NA,NA,NA,NA,NA,0,0,0,1.36363636363636,12.7272727272727,0,0.0909090909090909,0,0,0
00-0038735,Princeton Fant,NA,NA,NA,NA,NA,NA,NA,NA,0,0,0,0,0,0,0,0,0,0
00-0038783,Nate Adkins,NA,NA,NA,NA,NA,NA,NA,NA,0,0,0,1,7,0.142857142857143,0,0,0,0
00-0038809,Ben Sims,NA,NA,NA,NA,NA,NA,NA,NA,0,0,0,1,10,0,0,0,0,0
00-0038933,Dalton Kincaid,25,1,26,76,246,14,1,91,0,0,0,3.42857142857143,48.7142857142857,0.5,0,0,0,0
00-0038935,Brenton Strange,61,2,30,76,253,68,7,78,0,0,0,3.69230769230769,42.2307692307692,0.230769230769231,0,0,0,0
00-0038996,Tucker Kraft,78,3,15,77,254,61,6,79,0.125,0.375,0,4,61.125,0.75,0,0,0,0
00-0039041,Elijah Higgins,NA,NA,NA,NA,NA,NA,NA,NA,0,0,0,1.76470588235294,17.7058823529412,0,0,0,0,0
00-0039050,Payne Durham,171,5,37,78,253,166,13,54,0,0,0,0.125,1.375,0,0,0,0,0
00-0039065,Sam LaPorta,34,2,3,75,245,43,5,84,0,0,0,4.44444444444444,54.3333333333333,0.333333333333333,0,0,0,0
00-0039066,Michael Mayer,35,2,4,77,249,19,2,90,0,0,0,2.69230769230769,25.2307692307692,0.0769230769230769,0,0,0,0
00-0039074,Davis Allen,175,5,41,78,245,155,12,57,0,0,0,1.6,13.8666666666667,0.2,0,0,0,0
00-0039144,Luke Musgrave,42,2,11,78,253,31,3,87,0,0,0,1.78571428571429,18.6428571428571,0,0,0,0,0
00-0039305,Jack Westover,NA,NA,NA,NA,NA,NA,NA,NA,0,0,0,0.4,1.6,0,0,0,0,0
00-0039338,Brock Bowers,13,1,13,75,243,13,1,92,0.166666666666667,0.166666666666667,0,5.33333333333333,56.6666666666667,0.583333333333333,0,0,0,0
00-0039356,Ja'Tavion Sanders,101,4,1,76,245,64,2,80,0,0,0,2.41666666666667,15.8333333333333,0.0833333333333333,0,0,0,0
00-0039359,Cade Stover,123,4,23,76,247,72,3,78,0.875,1.625,0,1.875,11.375,0,0,0,0,0
00-0039458,Brenden Bates,NA,NA,NA,NA,NA,NA,NA,NA,0,0,0,0.8,9.6,0,0,0,0,0
00-0039489,Hayden Rucci,NA,NA,NA,NA,NA,NA,NA,NA,0,0,0,0,0,0,0,0,0,0
00-0039530,Brevyn Spann-Ford,NA,NA,NA,NA,NA,NA,NA,NA,0,0,0,0.5625,5.625,0.0625,0,0,0,0
00-0039631,Cam Grandy,NA,NA,NA,NA,NA,NA,NA,NA,0,0,0,1,3.5,0,0,0,0,0
00-0039648,David Martin-Robinson,NA,NA,NA,NA,NA,NA,NA,NA,0,0,0,0.363636363636364,2.72727272727273,0.0909090909090909,0,0,0,0
00-0039686,Colson Yankoff,NA,NA,NA,NA,NA,NA,NA,NA,0,0,0,0.2,1.8,0,0,0,0,0
00-0039737,Tip Reiman,82,3,18,77,271,113,6,68,0,0,0,1,6,0,0,0,0,0
00-0039754,Devin Culp,246,7,26,75,231,219,15,49,0,0,0,0.25,1.5,0.25,0,0,0,0
00-0039793,AJ Barner,NA,NA,NA,NA,NA,NA,NA,NA,0.55,0.8,0.05,2.9,29.3,0.35,0.1,0,0,0
00-0039824,Jared Wiley,131,4,31,78,249,118,7,67,0,0,0,0.5,2,0,0,0,0,0
00-0039847,Theo Johnson,107,4,7,78,259,125,8,66,0,0,0,3,35.2,0.333333333333333,0,0,0,0
00-0039912,Ben Sinnott,53,2,21,76,250,93,4,72,0,0,0,1.22222222222222,12.6666666666667,0.111111111111111,0,0,0,0
00-0040058,Nick Kallerup,NA,NA,NA,NA,NA,NA,NA,NA,0,0,0,0,0,0,0,0,0,0
00-0040126,Colston Loveland,10,1,10,78,248,7,2,92,0.0555555555555556,-0.111111111111111,0,3.88888888888889,50.3333333333333,0.333333333333333,0,0,0,0
00-0040128,Tyler Warren,14,1,14,78,256,6,1,93,0.352941176470588,0.470588235294118,0.0588235294117647,4.47058823529412,48.0588235294118,0.235294117647059,0.0588235294117647,0,0.0588235294117647,0
00-0040187,Mitchell Evans,163,5,27,77,258,97,8,71,0.0666666666666667,0.0666666666666667,0,1.26666666666667,11.4,0.133333333333333,0,0,0,0
00-0040189,Oronde Gadsden II,165,5,29,77,243,215,15,48,0,0,0,3.25,43.375,0.1875,0,0,0,0
00-0040194,Jackson Hawes,173,5,37,77,253,126,9,66,0,0,0,1.14285714285714,13.3571428571429,0.214285714285714,0,0,0,0
00-0040225,Thomas Fidone II,NA,NA,NA,NA,NA,NA,NA,NA,0,0,0,0,0,0,0,0,0,0
00-0040244,Moliki Matavao,248,7,32,78,260,167,12,56,0,0,0,2,10,0,0,0,0,0
00-0040363,Keleki Latu,NA,NA,NA,NA,NA,NA,NA,NA,0,0,0,1.33333333333333,11.6666666666667,0,0,0,0,0
00-0040488,Carter Runyon,NA,NA,NA,NA,NA,NA,NA,NA,0,0,0,0.333333333333333,1,0,0,0,0,0
00-0040509,Ben Yurosek,NA,NA,NA,NA,NA,NA,NA,NA,0,0,0,0.333333333333333,2.33333333333333,0,0.166666666666667,0,0,0
00-0040584,Gunnar Helm,120,4,18,77,241,79,6,76,0,0,0,2.75,22.3125,0.125,0,0,0,0
00-0040628,Drake Dabney,NA,NA,NA,NA,NA,NA,NA,NA,0,0,0,1,3,0,1,0,0,0
00-0040663,Harold Fannin Jr.,NA,NA,NA,NA,NA,NA,NA,NA,0.4375,0.8125,0.0625,4.5,45.6875,0.375,0,0.0625,0.0625,0
00-0040736,Mason Taylor,42,2,10,77,251,41,4,87,0,0,0,3.38461538461538,28.3846153846154,0.0769230769230769,0.0769230769230769,0,0,0
00-0040737,Terrance Ferguson,46,2,14,77,247,69,5,79,0.0769230769230769,0,0,0.923076923076923,19.2307692307692,0.230769230769231,0,0,0,0
00-0040739,Elijah Arroyo,50,2,18,77,250,36,3,87,0,0,0,1.15384615384615,13.7692307692308,0.0769230769230769,0,0,0,0
